file_path,soil_family,condition_id,theta_v,theta_v_cnn_pred,theta_v_phys,w_percent,w_percent_cnn_pred,w_percent_phys,rho_d_gcm3,rho_d_gcm3_cnn_pred,rho_d_gcm3_phys,ecb_sm,ecb_sm_cnn_pred,ecb_sm_phys,ecw_sm,ecw_sm_cnn_pred,ecw_sm_phys
C:\Users\aswq2\OneDrive\바탕 화면\AI. anti\cell probe\Clay\illite\0.024\0.647-1.csv,Illite,6,0.6466,0.638524,0.055275200000000045,67.5,62.502953,0.019908552427669587,0.958,0.9689138,2.5,0.036,0.04913354,0.012016476905291909,0.0238,0.09697455,10.0
C:\Users\aswq2\OneDrive\바탕 화면\AI. anti\cell probe\Clay\illite\0.024\0.753-1.csv,Illite,4,0.7526,0.7150632,0.055275200000000045,112.5,101.44714,0.02169570471772215,0.669,0.7206265,2.5,0.0366,0.09127894,0.014267060474503702,0.0238,0.17708647,10.0
C:\Users\aswq2\OneDrive\바탕 화면\AI. anti\cell probe\Clay\illite\0.059\0.647-1.csv,Illite,13,0.6466,0.62425363,0.055275200000000045,67.5,58.61621,0.029170067095448057,0.958,1.0074929,2.5,0.045,0.0386346,0.025763125468934257,0.0589,0.11339909,10.0
C:\Users\aswq2\OneDrive\바탕 화면\AI. anti\cell probe\Clay\illite\0.113\0.647-1.csv,Illite,20,0.6466,0.6243519,0.055275200000000045,67.5,60.358738,0.03875597865809364,0.958,0.9856234,2.5,0.0676,0.083581656,0.045415834863310085,0.1131,0.21013069,10.0
C:\Users\aswq2\OneDrive\바탕 화면\AI. anti\cell probe\Clay\illite\0.113\0.785-1.csv,Illite,17,0.7857,0.75753415,0.055275200000000045,135.0,126.89523,0.043253315295604534,0.582,0.61524487,2.5,0.0813,0.12478159,0.05653146456733682,0.1131,0.24723125,10.0
C:\Users\aswq2\OneDrive\바탕 화면\AI. anti\cell probe\Clay\illite\0.113\0.859-1.csv,Illite,14,0.8595,0.8579389,0.055275200000000045,225.0,209.27887,0.04570213708315942,0.382,0.39462936,2.5,0.0926,0.18483783,0.0630917932815166,0.1131,0.21553707,10.0
C:\Users\aswq2\OneDrive\바탕 화면\AI. anti\cell probe\Clay\illite\1.007\0.647-1.csv,Illite,34,0.6466,0.61996514,0.02359915008366731,67.5,59.432804,0.09298621596064022,0.958,1.012744,2.5,0.4582,0.47425672,0.17926753702929968,1.007,1.1905341,10.0
C:\Users\aswq2\OneDrive\바탕 화면\AI. anti\cell probe\Clay\illite\1.9\0.859-1.csv,Illite,35,0.8595,0.82227445,1.0,225.0,155.00964,0.051983850087233774,0.382,0.4978289,2.5,1.5298,1.3806508,0.4338882219180222,1.9,2.1161666,1.7734076675083998
C:\Users\aswq2\OneDrive\바탕 화면\AI. anti\cell probe\Clay\red clay\0.023\0.772-1.csv,Korean red clay,209,0.7724324693352752,0.7653797,0.055275200000000045,130.54999999999998,135.807,0.02370192402446618,0.5916755797282844,0.5915779,2.5,0.0147625300625301,0.05841744,0.017022753328919723,0.02251,0.1256212,10.0
C:\Users\aswq2\OneDrive\바탕 화면\AI. anti\cell probe\Clay\red clay\0.059\0.660-1.csv,Korean red clay,218,0.6598176622669751,0.6421704,0.055275200000000045,74.6440097650037,67.5157,0.03125022204403745,0.8839525962555215,0.92602175,2.5,0.0269514320789374,0.076746345,0.02955976766195308,0.05863,0.107629895,10.0
C:\Users\aswq2\OneDrive\바탕 화면\AI. anti\cell probe\Clay\red clay\1.01\0.660-1.csv,Korean red clay,236,0.6598176622669751,0.6523228,0.033460997104023775,74.6,68.70597,0.088533700819017,0.8844740781058649,0.9296624,2.5,0.440598725873835,0.49851218,0.1848734652974101,1.01,1.1160932,10.0
C:\Users\aswq2\OneDrive\바탕 화면\AI. anti\cell probe\Clay\red clay\1.01\0.708-1.csv,Korean red clay,235,0.7079865673820995,0.69125885,0.04918297576700477,93.25,92.5338,0.07742488024043655,0.7592349248065411,0.7773897,2.5,0.508649795555179,0.5453861,0.16933400956106187,1.01,1.0473597,10.0
C:\Users\aswq2\OneDrive\바탕 화면\AI. anti\cell probe\Clay\red clay\1.01\0.744-1.csv,Korean red clay,234,0.744206272062209,0.72621405,0.06135519679936878,111.89999999999998,111.34392,0.07073283936439437,0.6650636926382566,0.68729186,2.5,0.562599891354708,0.56973666,0.1597874987655394,1.01,1.0479158,10.0
C:\Users\aswq2\OneDrive\바탕 화면\AI. anti\cell probe\Clay\red clay\4.273\0.708-1.csv,Korean red clay,247,0.7079865673820995,0.7570915,1.0,93.25,124.73573,0.05198598640532746,0.7592349248065411,0.66488934,2.5,2.2609702275440435,2.5760493,0.32209372664534286,4.273,4.2885847,1.3163683276355371
C:\Users\aswq2\OneDrive\바탕 화면\AI. anti\cell probe\Clay\red clay\4.273\0.744-1.csv,Korean red clay,246,0.744206272062209,0.7934133,1.0,111.89999999999998,144.96658,0.05176542707937025,0.6650636926382566,0.577276,2.5,2.5071453642882213,2.8184836,0.30537724493079005,4.273,4.367411,1.2586679117215231
C:\Users\aswq2\OneDrive\바탕 화면\AI. anti\cell probe\Clay\kaolin\saturation\0.024\0.802-1.csv,Kaolin,160,0.8016,0.78958356,0.055275200000000045,160.0,166.00381,0.026126780332965362,0.501,0.5248265,2.5,0.0354,0.09700337,0.020676836031419024,0.0238,0.1946482,10.0
C:\Users\aswq2\OneDrive\바탕 화면\AI. anti\cell probe\Clay\kaolin\saturation\0.059\0.669-1.CSV,Kaolin,171,0.6696,0.6594027,0.055275200000000045,80.0,75.31293,0.028945648616743053,0.837,0.8754786,2.5,0.0441,0.07271168,0.02536904802085685,0.0589,0.12525004,10.0
C:\Users\aswq2\OneDrive\바탕 화면\AI. anti\cell probe\Clay\kaolin\saturation\0.113\0.618-1.csv,Kaolin,178,0.6182,0.6184206,0.055275200000000045,64.0,63.208923,0.038929258022117844,0.966,0.96605957,2.5,0.0712,0.0949406,0.04582172223187537,0.1131,0.20858365,10.0
C:\Users\aswq2\OneDrive\바탕 화면\AI. anti\cell probe\Clay\kaolin\saturation\1.007\0.669-1.CSV,Kaolin,191,0.6696,0.66858333,0.02733428181911261,80.0,83.057396,0.0938450510820081,0.837,0.8447088,2.5,0.4747,0.4801469,0.19199407019724898,1.007,1.1082559,10.0
C:\Users\aswq2\OneDrive\바탕 화면\AI. anti\cell probe\Clay\kaolin\saturation\1.007\0.739-1.CSV,Kaolin,189,0.7392,0.7317223,0.050212674363936664,112.0,116.88512,0.07662323991303543,0.66,0.6742399,2.5,0.5734,0.51912355,0.16766622212123727,1.007,1.0177175,10.0
C:\Users\aswq2\OneDrive\바탕 화면\AI. anti\cell probe\Clay\kaolin\saturation\1.007\0.802-1.csv,Kaolin,187,0.8016,0.77600956,0.0694038642601891,160.0,158.95314,0.068302028976284,0.501,0.5586852,2.5,0.6602,0.5717797,0.16053366999318994,1.007,1.0405397,10.0
C:\Users\aswq2\OneDrive\바탕 화면\AI. anti\cell probe\Clay\kaolin\saturation\1.9\0.618-1.csv,Kaolin,199,0.6182,0.6129826,0.08786909059077412,64.0,56.66451,0.060207946096688905,0.966,1.0545362,2.5,0.7395,0.7664952,0.1458438242142336,1.9,2.020279,10.0
C:\Users\aswq2\OneDrive\바탕 화면\AI. anti\cell probe\Sand\K7\0.059\0.220-1.csv,K7,133,0.2203,0.18946508,0.055275200000000045,15.13,13.428005,0.00048234340811595817,1.456,1.4229199,2.5,0.0237,0.058805197,7.073199372231109e-06,0.0589,0.47353858,10.0
C:\Users\aswq2\OneDrive\바탕 화면\AI. anti\cell probe\Sand\K7\0.059\0.442-1.csv,K7,136,0.4418,0.40087405,0.055275200000000045,30.34,26.351555,0.018087870728490694,1.456,1.4659197,2.5,0.0339,0.05331844,0.00992168843027435,0.0589,0.13700932,10.0
C:\Users\aswq2\OneDrive\바탕 화면\AI. anti\cell probe\Sand\K7\0.113\0.224-1.csv,K7,139,0.2239,0.18359235,0.055275200000000045,15.38,13.208866,0.0027334810007778225,1.456,1.4334946,2.5,0.0292,0.062209547,0.00022708871495239787,0.1131,0.4714945,10.0
C:\Users\aswq2\OneDrive\바탕 화면\AI. anti\cell probe\Sand\K7\0.534\0.292-1.csv,K7,146,0.2925,0.27502126,0.055275200000000045,20.09,19.191345,0.038899377799346026,1.456,1.441654,2.5,0.0597,0.08318874,0.04575160305769009,0.5335,0.6199484,10.0
C:\Users\aswq2\OneDrive\바탕 화면\AI. anti\cell probe\Sand\K7\1.9\0.075-1.csv,K7,154,0.0745,0.08577296,0.055275200000000045,5.12,5.0636063,0.016367551290997734,1.456,1.4430956,2.5,0.0183,0.027658612,0.008126149514235256,1.9,0.77548695,10.0
C:\Users\aswq2\OneDrive\바탕 화면\AI. anti\cell probe\Sand\K7\1.9\0.222-1.csv,K7,156,0.2225,0.24770491,0.055275200000000045,15.28,17.44289,0.044775274765046794,1.456,1.450891,2.5,0.1111,0.15089434,0.06056667643709882,1.9,2.2611556,10.0
C:\Users\aswq2\OneDrive\바탕 화면\AI. anti\cell probe\Sand\k6\Dr=30%\0.534\0.367-1.csv,K6,84,0.3666,0.36889687,0.055275200000000045,26.24,25.690235,0.051040891853767964,1.397,1.4626929,2.5,0.089,0.10808268,0.07863320717750369,0.5335,0.6514118,10.0
C:\Users\aswq2\OneDrive\바탕 화면\AI. anti\cell probe\Sand\k6\Dr=30%\1.007\0.214-1.csv,K6,97,0.2142,0.21583834,0.055275200000000045,15.33,13.659817,0.037261878932673624,1.397,1.449447,2.5,0.0574,0.05688837,0.041990583849162245,1.007,0.82227373,10.0
C:\Users\aswq2\OneDrive\바탕 화면\AI. anti\cell probe\Sand\k6\Dr=30%\1.007\0.357-1.csv,K6,99,0.3567,0.35952404,0.055275200000000045,25.53,23.63557,0.06309079853752347,1.397,1.472888,2.5,0.1515,0.15411992,0.11993786577360306,1.007,1.1722553,10.0
C:\Users\aswq2\OneDrive\바탕 화면\AI. anti\cell probe\Sand\k6\Dr=30%\4.345\0.139-1.csv,K6,111,0.1389,0.13597375,0.055275200000000045,9.94,8.619812,0.04843726047367363,1.397,1.5146178,2.5,0.0869,0.10493693,0.07084182288507775,4.345,4.7700253,10.0
C:\Users\aswq2\OneDrive\바탕 화면\AI. anti\cell probe\Sand\k6\Dr=50%\0.534\0.072-1.csv,K6,85,0.0723,0.07800785,0.05527519999999933,5.0,3.6052933,0.0004823434081159591,1.446,1.4196469,2.5,0.0078,0.02608639,7.073199372231084e-06,0.5335,0.4757402,10.0
C:\Users\aswq2\OneDrive\바탕 화면\AI. anti\cell probe\Sand\k6\Dr=50%\1.007\0.145-1.csv,K6,101,0.1446,0.14094943,0.055275200000000045,10.0,8.000736,0.01921668275541632,1.446,1.4576057,2.5,0.0309,0.047634393,0.01119689313582215,1.007,1.2582564,10.0
C:\Users\aswq2\OneDrive\바탕 화면\AI. anti\cell probe\Sand\k6\Dr=70%\0.113\0..csv,K6,76,0.0746,0.3795908,0.055275200000000045,4.98,26.339367,0.028765554652445725,1.498,1.465131,2.5,0.0118,0.09964073,0.025054991749889323,0.1131,0.39560646,10.0
C:\Users\aswq2\OneDrive\바탕 화면\AI. anti\cell probe\Sand\k6\Dr=70%\0.113\0.075-1.csv,K6,76,0.0746,0.08553627,0.055275200000000045,4.98,5.0662384,0.00048234340811595817,1.498,1.4424593,2.5,0.0118,0.017019033,7.073199372231109e-06,0.1131,0.94255096,10.0
C:\Users\aswq2\OneDrive\바탕 화면\AI. anti\cell probe\Sand\k6\Dr=70%\0.534\0.224-1.csv,K6,92,0.2241,0.24561681,0.055275200000000045,14.96,16.752235,0.03202047960763022,1.498,1.4410015,2.5,0.0382,0.070099115,0.0310314982276227,0.5335,0.6292177,10.0
C:\Users\aswq2\OneDrive\바탕 화면\AI. anti\cell probe\Sand\k6\Dr=70%\4.345\0.290-1.csv,K6,123,0.2905,0.30170083,0.03477415025821674,19.39,19.680382,0.08059351359856143,1.498,1.4913611,2.5,0.3557,0.44255745,0.1558523875525981,4.345,4.5713096,10.0
C:\Users\aswq2\OneDrive\바탕 화면\usb\한양대\실험\10. TDR\TDR 데이터\주문진사\0.01mol\0.01mol\1-2.csv,Jumunjin sand,51,0.2139,0.17597511,0.05527520000000075,15.0,11.745411,0.012812867458715703,1.426,1.4294753,2.5,0.0289,0.051163524,0.004982307834684658,0.1131,0.7399636,10.0
C:\Users\aswq2\OneDrive\바탕 화면\usb\한양대\실험\10. TDR\TDR 데이터\주문진사\0.01mol\0.01mol\2-2.csv,Jumunjin sand,51,0.2139,0.26200986,0.055275200000000045,15.0,19.496979,0.020154301243951775,1.426,1.4231975,2.5,0.0289,0.076191336,0.012314535720178828,0.1131,0.688766,10.0
C:\Users\aswq2\OneDrive\바탕 화면\usb\한양대\실험\10. TDR\TDR 데이터\주문진사\0.01mol\0.01mol\3-2.csv,Jumunjin sand,51,0.2139,0.22944924,0.055275200000000045,15.0,17.200138,0.015534674225049415,1.426,1.4190301,2.5,0.0289,0.07118565,0.007321049571727975,0.1131,0.7683276,10.0
C:\Users\aswq2\OneDrive\바탕 화면\usb\한양대\실험\10. TDR\TDR 데이터\주문진사\0.01mol\0.01mol\33-2.csv,Jumunjin sand,51,0.2139,0.28295797,0.055275200000000045,15.0,20.143814,0.02454446338462252,1.426,1.4315649,2.5,0.0289,0.07045892,0.018252294074772978,0.1131,0.6402975,10.0
C:\Users\aswq2\OneDrive\바탕 화면\usb\한양대\실험\10. TDR\TDR 데이터\주문진사\0.01mol\0.01mol\44-2.csv,Jumunjin sand,51,0.2139,0.28901896,0.055275200000000045,15.0,20.187702,0.025194084485197932,1.426,1.4351418,2.5,0.0289,0.0685226,0.01922946801484932,0.1131,0.5846574,10.0
C:\Users\aswq2\OneDrive\바탕 화면\usb\한양대\실험\10. TDR\TDR 데이터\주문진사\0.01mol\0.01mol\55-2.csv,Jumunjin sand,51,0.2139,0.30301934,0.055275200000000045,15.0,20.903,0.027200633774940995,1.426,1.4406481,2.5,0.0289,0.070347816,0.02240803567301238,0.1131,0.55549985,10.0
C:\Users\aswq2\OneDrive\바탕 화면\usb\한양대\실험\10. TDR\TDR 데이터\주문진사\주문진 소금물\0.01MOL\15% 1.csv,Jumunjin sand,51,0.2139,0.19931558,0.055275200000000045,15.0,14.169853,0.00048234340811595817,1.426,1.4138724,2.5,0.0289,0.06313449,7.073199372231109e-06,0.1131,0.5087719,10.0
C:\Users\aswq2\OneDrive\바탕 화면\usb\한양대\실험\10. TDR\TDR 데이터\주문진사\주문진 소금물\0.05mol\25% 1.csv,Jumunjin sand,58,0.3565,0.2875176,0.055275200000000045,25.0,22.121777,0.03268793853048076,1.426,1.4151416,2.5,0.0831,0.09715322,0.03233559027815329,0.5335,0.5378391,10.0
C:\Users\aswq2\OneDrive\바탕 화면\usb\한양대\실험\10. TDR\TDR 데이터\주문진사\주문진 소금물\0.05mol -2\25% 1.csv,Jumunjin sand,58,0.3565,0.26204386,0.055275200000000045,25.0,18.1628,0.052114449728685286,1.426,1.4401186,2.5,0.0831,0.119151324,0.08196328850576218,0.5335,1.2639728,10.0
C:\Users\aswq2\OneDrive\바탕 화면\usb\한양대\실험\10. TDR\TDR 데이터\주문진사\주문진 소금물\0.05mol -3 중량\25% 1.csv,Jumunjin sand,58,0.3565,0.35454583,0.055275200000000045,25.0,26.498322,0.06559179993367638,1.426,1.4211901,2.5,0.0831,0.14393234,0.12958918959447954,0.5335,1.10386,10.0
