file_path,sha256,soil_family,soil_specific,condition_id,split,theta_v,w_percent,rho_d_gcm3,ecb_sm,ecw_sm,replicate_count,is_replicate
C:\Users\aswq2\OneDrive\바탕 화면\AI. anti\cell probe\Clay\illite\0.024\0.647-1.csv,8138a58b9ce0c29b606c33c7a3d63814d329e636e5d3e02c0ac78ffda503a72c,Illite,illite,6,test,0.6466,67.5,0.958,0.036,0.0238,1,False
C:\Users\aswq2\OneDrive\바탕 화면\AI. anti\cell probe\Clay\illite\0.024\0.709-1.csv,9ce522630be79a9b8edd61a6938921cbb64cb8389897576a2c33eb31b0e44185,Illite,illite,5,train,0.7092,90.0,0.788,0.0363,0.0238,1,False
C:\Users\aswq2\OneDrive\바탕 화면\AI. anti\cell probe\Clay\illite\0.024\0.753-1.csv,e2e0cdccd68329e82cd0a0849c54dce986ba6087ef64f1d58650534ddb62ba78,Illite,illite,4,test,0.7526,112.5,0.669,0.0366,0.0238,1,False
C:\Users\aswq2\OneDrive\바탕 화면\AI. anti\cell probe\Clay\illite\0.024\0.785-1.csv,b6e9091abb7bca6ba8ef81974ff119afa705a52713ee55cc9be290a7d740c8e4,Illite,illite,3,train,0.7857,135.0,0.582,0.0369,0.0238,1,False
C:\Users\aswq2\OneDrive\바탕 화면\AI. anti\cell probe\Clay\illite\0.024\0.810-1.csv,a2e41952b612d564c85012fe955e8aeea9239e7c2fb07847b808a0f8e2296422,Illite,illite,2,train,0.8096,157.5,0.514,0.0371,0.0238,1,False
C:\Users\aswq2\OneDrive\바탕 화면\AI. anti\cell probe\Clay\illite\0.024\0.830-1.csv,c684cc4742040ff7e6e412ffda585122075d97b9a811959009d7b908b07da883,Illite,illite,1,train,0.8298,180.0,0.461,0.0373,0.0238,1,False
C:\Users\aswq2\OneDrive\바탕 화면\AI. anti\cell probe\Clay\illite\0.024\0.859-1.csv,d6ba0d55f440762c27ef136b9aaa48379f4535926167aad080ac103266f0a262,Illite,illite,0,train,0.8595,225.0,0.382,0.0373,0.0238,1,False
C:\Users\aswq2\OneDrive\바탕 화면\AI. anti\cell probe\Clay\illite\0.059\0.647-1.csv,c292ff7a7b8bd7ee7a897871da5c4df5d2c0e423df58c73c2de18bafc8806080,Illite,illite,13,test,0.6466,67.5,0.958,0.045,0.0589,1,False
C:\Users\aswq2\OneDrive\바탕 화면\AI. anti\cell probe\Clay\illite\0.059\0.709-1.csv,eb0ccb0977b3c74b8bcc9f50c5617eb0599adca1cf5a581ed54e19b34059bb00,Illite,illite,12,train,0.7092,90.0,0.788,0.0471,0.0589,1,False
C:\Users\aswq2\OneDrive\바탕 화면\AI. anti\cell probe\Clay\illite\0.059\0.753-1.csv,ff9e385522d14327cb89384c4123f4cc846c8d08595931bf79a6388726adc6f1,Illite,illite,11,val,0.7526,112.5,0.669,0.0478,0.0589,1,False
C:\Users\aswq2\OneDrive\바탕 화면\AI. anti\cell probe\Clay\illite\0.059\0.785-1.csv,b2322b3846d05586e421fe073b547ea3ecbea8c912f83e3bf4b0a162b6098fc7,Illite,illite,10,train,0.7857,135.0,0.582,0.0522,0.0589,1,False
C:\Users\aswq2\OneDrive\바탕 화면\AI. anti\cell probe\Clay\illite\0.059\0.810-1.csv,d9746503486fac1af0dc67895e63e5dceac2535f1b16f147b8f0605d55287d72,Illite,illite,9,train,0.8096,157.5,0.514,0.0517,0.0589,1,False
C:\Users\aswq2\OneDrive\바탕 화면\AI. anti\cell probe\Clay\illite\0.059\0.830-1.csv,86bec2a6be69d2f07ca6662889072627ff194b8ecf885dc9b8b582c22c6ed449,Illite,illite,8,train,0.8298,180.0,0.461,0.0534,0.0589,1,False
C:\Users\aswq2\OneDrive\바탕 화면\AI. anti\cell probe\Clay\illite\0.059\0.859-1.csv,89648f331d721b41297d020bdd4c474efadc640aa32565963e0756047613120a,Illite,illite,7,train,0.8595,225.0,0.382,0.0542,0.0589,1,False
C:\Users\aswq2\OneDrive\바탕 화면\AI. anti\cell probe\Clay\illite\0.113\0.647-1.csv,9a13f985e05388e19877c78aee58a1f817d275b6556dc13d571efcfc9b08a2f2,Illite,illite,20,test,0.6466,67.5,0.958,0.0676,0.1131,1,False
C:\Users\aswq2\OneDrive\바탕 화면\AI. anti\cell probe\Clay\illite\0.113\0.709-1.csv,4add1be46dbfe73f5db6da59222674dd330364cb9b19a84e5f7c608f176f6d33,Illite,illite,19,train,0.7092,90.0,0.788,0.0741,0.1131,1,False
C:\Users\aswq2\OneDrive\바탕 화면\AI. anti\cell probe\Clay\illite\0.113\0.753-1.csv,ca5014fc5fd213d07e577854cf33f384093ddfdbf0ab7541f6f95ba598ae37a3,Illite,illite,18,train,0.7526,112.5,0.669,0.079,0.1131,1,False
C:\Users\aswq2\OneDrive\바탕 화면\AI. anti\cell probe\Clay\illite\0.113\0.785-1.csv,eac087d48d098b5a912c82d6295aa605468a84e70feb03ff30952a44c2e06f70,Illite,illite,17,test,0.7857,135.0,0.582,0.0813,0.1131,1,False
C:\Users\aswq2\OneDrive\바탕 화면\AI. anti\cell probe\Clay\illite\0.113\0.810-1.csv,8b39d616c35caa6d93a214587f4770aab92f7448769a5ca75eabf767283684ed,Illite,illite,16,train,0.8096,157.5,0.514,0.085,0.1131,1,False
C:\Users\aswq2\OneDrive\바탕 화면\AI. anti\cell probe\Clay\illite\0.113\0.830-1.csv,80e65adf6b0591ea0c874eb2bc18e18e7dfbf56c2158ecd561d57e9e615b6275,Illite,illite,15,train,0.8298,180.0,0.461,0.0891,0.1131,1,False
C:\Users\aswq2\OneDrive\바탕 화면\AI. anti\cell probe\Clay\illite\0.113\0.859-1.csv,e4bab87dfac0acf42b9a697a9ec0ba30184b2e632ec274f5a656f193b1117b46,Illite,illite,14,test,0.8595,225.0,0.382,0.0926,0.1131,1,False
C:\Users\aswq2\OneDrive\바탕 화면\AI. anti\cell probe\Clay\illite\0.534\0.647-1.csv,fee112c7dc6ddf8d2d215f6b0b4c3a3b6520ba035c2ec605dcd0f9c02a0dae9d,Illite,illite,27,val,0.6466,67.5,0.958,0.2343,0.5335,1,False
C:\Users\aswq2\OneDrive\바탕 화면\AI. anti\cell probe\Clay\illite\0.534\0.709-1.csv,d2449bf4943e72009b949fb7ddfacb5c15522596684b40bbb9248bf732185345,Illite,illite,26,train,0.7092,90.0,0.788,0.2849,0.5335,1,False
C:\Users\aswq2\OneDrive\바탕 화면\AI. anti\cell probe\Clay\illite\0.534\0.753-1.csv,e169c1d08351e323fd5b78f312f300c87e2ad6e0afa7abdda3daa79bf1aab09a,Illite,illite,25,train,0.7526,112.5,0.669,0.3032,0.5335,1,False
C:\Users\aswq2\OneDrive\바탕 화면\AI. anti\cell probe\Clay\illite\0.534\0.785-1.csv,c7ff04e412f8bb016a01717d272d1fba506b5e2438fa2348e85f66a333417208,Illite,illite,24,train,0.7857,135.0,0.582,0.3234,0.5335,1,False
C:\Users\aswq2\OneDrive\바탕 화면\AI. anti\cell probe\Clay\illite\0.534\0.810-1.csv,b7483b22e4bd3c51eb979ffb13709c62f17afbe29b9f520dfb60097031355ce1,Illite,illite,23,train,0.8096,157.5,0.514,0.3434,0.5335,1,False
C:\Users\aswq2\OneDrive\바탕 화면\AI. anti\cell probe\Clay\illite\0.534\0.830-1.csv,33d6b395b9bf2b7b04ec18aab0c031fb83f243dc19aa650f0f48d606782b8ef6,Illite,illite,22,train,0.8298,180.0,0.461,0.3602,0.5335,1,False
C:\Users\aswq2\OneDrive\바탕 화면\AI. anti\cell probe\Clay\illite\0.534\0.859-1.csv,0cb63ce6cc6cb547d945fa5e382e51da45e2b1451a006d578fd05a79665672b2,Illite,illite,21,val,0.8595,225.0,0.382,0.3895,0.5335,1,False
C:\Users\aswq2\OneDrive\바탕 화면\AI. anti\cell probe\Clay\illite\1.007\0.647-1.csv,7fe21c1b62e8bb2b2a5372d1c6fba6e54899c5ad9d4fe207cf378e494bf531c3,Illite,illite,34,test,0.6466,67.5,0.958,0.4582,1.007,1,False
C:\Users\aswq2\OneDrive\바탕 화면\AI. anti\cell probe\Clay\illite\1.007\0.709-1.csv,c0660eeaec5d01e0e857e0e985b2055ca56eb6fc5a87e75fb7d38b77dbf5479d,Illite,illite,33,train,0.7092,90.0,0.788,0.5317,1.007,1,False
C:\Users\aswq2\OneDrive\바탕 화면\AI. anti\cell probe\Clay\illite\1.007\0.753-1.csv,eaeace8cf1fc29fb3f9306a2366c543848905fcb2ae8bbbe7185c2ffbac1d632,Illite,illite,32,val,0.7526,112.5,0.669,0.6146,1.007,1,False
C:\Users\aswq2\OneDrive\바탕 화면\AI. anti\cell probe\Clay\illite\1.007\0.785-1.csv,58b0b2bc5827bfe3068b24e68a89a87c3bbd9da1c501324d84a90b06705a900a,Illite,illite,31,train,0.7857,135.0,0.582,0.6577,1.007,1,False
C:\Users\aswq2\OneDrive\바탕 화면\AI. anti\cell probe\Clay\illite\1.007\0.810-1.csv,eec1692644cfe8c763e43e0974eac401e819bcc773921e2e2102dc6ba76b2ea0,Illite,illite,30,train,0.8096,157.5,0.514,0.6965,1.007,1,False
C:\Users\aswq2\OneDrive\바탕 화면\AI. anti\cell probe\Clay\illite\1.007\0.830-1.csv,546a8df790adf74c2504d0f113c01be8408231918bf922527cc32f16ccbcc4fb,Illite,illite,29,train,0.8298,180.0,0.461,0.7217,1.007,1,False
C:\Users\aswq2\OneDrive\바탕 화면\AI. anti\cell probe\Clay\illite\1.007\0.859-1.csv,c7eae430a2b4806d4bc1cff1501caf81c7c8d7f26161de1a3cfd43b0a8a91ba5,Illite,illite,28,train,0.8595,225.0,0.382,0.7744,1.007,1,False
C:\Users\aswq2\OneDrive\바탕 화면\AI. anti\cell probe\Clay\illite\1.9\0.647-1.csv,86ff7010babd195c5bc743028329fa0f18f174e046da83ebce17686af709d049,Illite,illite,41,train,0.6466,67.5,0.958,0.8334,1.9,1,False
C:\Users\aswq2\OneDrive\바탕 화면\AI. anti\cell probe\Clay\illite\1.9\0.709-1.csv,7d8858909509c88c84127687075e6a300783f536b5c6e9fa49e2a6a3f2409cc1,Illite,illite,40,train,0.7092,90.0,0.788,0.9598,1.9,1,False
C:\Users\aswq2\OneDrive\바탕 화면\AI. anti\cell probe\Clay\illite\1.9\0.753-1.csv,49603ec150c1f6c1d38a7a0396f56bad2d7558f1a70c9ccf75b1177c25bee54b,Illite,illite,39,train,0.7526,112.5,0.669,1.1224,1.9,1,False
C:\Users\aswq2\OneDrive\바탕 화면\AI. anti\cell probe\Clay\illite\1.9\0.785-1.csv,2933b3ea35121d3d82fa78aacb00460904fd0f20be835adfd71d4e340316cdce,Illite,illite,38,val,0.7857,135.0,0.582,1.2304,1.9,1,False
C:\Users\aswq2\OneDrive\바탕 화면\AI. anti\cell probe\Clay\illite\1.9\0.810-1.csv,949c45865d77c428b7824f9fe5fe2d1f7ecf650c6f9c58c56e5e455caabef04f,Illite,illite,37,train,0.8096,157.5,0.514,1.3183,1.9,1,False
C:\Users\aswq2\OneDrive\바탕 화면\AI. anti\cell probe\Clay\illite\1.9\0.830-1.csv,5ec25e8e1500f3d3b1b705419134ad3a1acd5213cfd9763d8d4743c7f3f54381,Illite,illite,36,train,0.8298,180.0,0.461,1.4197,1.9,1,False
C:\Users\aswq2\OneDrive\바탕 화면\AI. anti\cell probe\Clay\illite\1.9\0.859-1.csv,2002e4a16be1faf9fa980029d9a69b99f66c43665beee4831e08ddcd55d11c93,Illite,illite,35,test,0.8595,225.0,0.382,1.5298,1.9,1,False
C:\Users\aswq2\OneDrive\바탕 화면\AI. anti\cell probe\Clay\illite\4.345\0.647-1.csv,602786f38929ffa21c958473dca7d9076e0159cf7acd54d84a09d5e0c1415c6b,Illite,illite,48,train,0.6466,67.5,0.958,1.9736,4.345,1,False
C:\Users\aswq2\OneDrive\바탕 화면\AI. anti\cell probe\Clay\illite\4.345\0.709-1.csv,0414ec2a4af524384333569fe4e4583bf56e5db71b9ef04368e0d65502360366,Illite,illite,47,train,0.7092,90.0,0.788,2.2197,4.345,1,False
C:\Users\aswq2\OneDrive\바탕 화면\AI. anti\cell probe\Clay\illite\4.345\0.753-1.csv,3089699de7fdded4894e5f20c6a411ce8ebf4edb17fec0ad1515ea66dd7da87d,Illite,illite,46,train,0.7526,112.5,0.669,2.5675,4.345,1,False
C:\Users\aswq2\OneDrive\바탕 화면\AI. anti\cell probe\Clay\illite\4.345\0.785-1.csv,ba4142ee7880bd874e72e8c6119dad964f0f8541918c1f1c775edf510fdc58e4,Illite,illite,45,train,0.7857,135.0,0.582,2.851,4.345,1,False
C:\Users\aswq2\OneDrive\바탕 화면\AI. anti\cell probe\Clay\illite\4.345\0.810-1.csv,e7fa993223969b9a786e229a3b8dad3b426c79d48fd2d85060b793d7022aacb6,Illite,illite,44,train,0.8096,157.5,0.514,3.0882,4.345,1,False
C:\Users\aswq2\OneDrive\바탕 화면\AI. anti\cell probe\Clay\illite\4.345\0.830-1.csv,2b001322ed6306d9898c4628d5710c0e73dd2ebbd1addab4f04a9022d35fe60a,Illite,illite,43,val,0.8298,180.0,0.461,3.2422,4.345,1,False
C:\Users\aswq2\OneDrive\바탕 화면\AI. anti\cell probe\Clay\illite\4.345\0.859-1.csv,ec1bcd0fb4d118171098b8fd87386eb86c2ce72b0997b0a35f8d11b0acca8225,Illite,illite,42,val,0.8595,225.0,0.382,3.4764,4.345,1,False
C:\Users\aswq2\OneDrive\바탕 화면\AI. anti\cell probe\Clay\red clay\0.023\0.593-1.csv,89e2c1d028e0d1c1d1df161cc6d31222375630263a02e89698da9838358111a7,Korean red clay,kaolin,213,train,0.5926182425550983,55.94999999999998,1.0591925693567443,0.0095763678597825,0.02251,1,False
C:\Users\aswq2\OneDrive\바탕 화면\AI. anti\cell probe\Clay\red clay\0.023\0.660-1.csv,eed50dd5387a31633627f3129efdda214328687fd98fa3bcb797e91ead765a6a,Korean red clay,kaolin,212,train,0.6598176622669751,74.6,0.8844740781058649,0.00988682745826,0.02251,1,False
C:\Users\aswq2\OneDrive\바탕 화면\AI. anti\cell probe\Clay\red clay\0.023\0.708-1.csv,ac018defe13b26410398ad78ee59c2d4470c41b6a8ee37285aa9ba35e67ceaa6,Korean red clay,kaolin,211,train,0.7079865673820995,93.25,0.7592349248065411,0.0111109621820019,0.02251,1,False
C:\Users\aswq2\OneDrive\바탕 화면\AI. anti\cell probe\Clay\red clay\0.023\0.744-1.csv,8793b44b5983e9ad06e0cfc9fcd9ea87b5a26f6fbe41daab9341bb734cbb3cd4,Korean red clay,kaolin,210,train,0.744206272062209,111.89999999999998,0.6650636926382566,0.0125867270344335,0.02251,1,False
C:\Users\aswq2\OneDrive\바탕 화면\AI. anti\cell probe\Clay\red clay\0.023\0.772-1.csv,685ac47dbea60d938168f8e9c004928237eb6f7f61a9b3ed98c358c2e3c3f5dc,Korean red clay,kaolin,209,test,0.7724324693352752,130.54999999999998,0.5916755797282844,0.0147625300625301,0.02251,1,False
C:\Users\aswq2\OneDrive\바탕 화면\AI. anti\cell probe\Clay\red clay\0.023\0.795-1.csv,7fc80cd748abd4b156c50d6faf6e251ada9a60f4012fe857e7dbd81e4591dfea,Korean red clay,kaolin,208,train,0.795048368585014,149.2,0.5328742416789639,0.015534882874135,0.02251,2,True
C:\Users\aswq2\OneDrive\바탕 화면\AI. anti\cell probe\Clay\red clay\0.023\0.829-1.csv,6df092f472da76027d180ddee01271aa8f57666bb3e2c9d2955df06db8fe8aff,Korean red clay,kaolin,208,train,0.8290306035219696,186.5,0.4445204308428791,0.015534882874135,0.02251,2,True
C:\Users\aswq2\OneDrive\바탕 화면\AI. anti\cell probe\Clay\red clay\0.059\0.593-1.csv,54953c8151cd3af0fde9b1d02ffe608141645fb67e5f471277c698391e2aab37,Korean red clay,kaolin,219,train,0.5926182425550983,55.92036908787223,1.0597538110377436,0.0206362868910472,0.05863,1,False
C:\Users\aswq2\OneDrive\바탕 화면\AI. anti\cell probe\Clay\red clay\0.059\0.660-1.csv,27a803f97af042566dca6e7d08ae222095f89784492adc72802d9dc02345ed78,Korean red clay,kaolin,218,test,0.6598176622669751,74.6440097650037,0.8839525962555215,0.0269514320789374,0.05863,1,False
C:\Users\aswq2\OneDrive\바탕 화면\AI. anti\cell probe\Clay\red clay\0.059\0.708-1.csv,6c36db199f6ae227173a9e9ccf7a4d8c4de701adc8f6a634c8c66f309365d3d8,Korean red clay,kaolin,217,train,0.7079865673820995,93.15894126981497,0.7599770432465175,0.0298590036828843,0.05863,1,False
C:\Users\aswq2\OneDrive\바탕 화면\AI. anti\cell probe\Clay\red clay\0.059\0.744-1.csv,17be1786c116e6cc8fa37bebcd9c1937e870ade3dc8e2cce90b8bc8679cae31c,Korean red clay,kaolin,216,train,0.744206272062209,111.84459173068586,0.6653931679183978,0.03332004995005,0.05863,1,False
C:\Users\aswq2\OneDrive\바탕 화면\AI. anti\cell probe\Clay\red clay\0.059\0.772-1.csv,386f5273544b05e4bac781251d67e5f3af67b020dd7d4a3f02e1b1e3683d4b26,Korean red clay,kaolin,215,train,0.7724324693352752,130.55212931484812,0.5916659294559847,0.0350669878508588,0.05863,1,False
C:\Users\aswq2\OneDrive\바탕 화면\AI. anti\cell probe\Clay\red clay\0.059\0.795-1.csv,33e41a33d35e693701c9bb9fdc82fca8ea8ad49f4aaf8199e0b79b093ebbee1f,Korean red clay,kaolin,214,train,0.795048368585014,149.2049199205849,0.5328566705495923,0.0360672814580378,0.05863,2,True
C:\Users\aswq2\OneDrive\바탕 화면\AI. anti\cell probe\Clay\red clay\0.059\0.829-1.csv,b13b8a7a5c9bbd8b62f83750b42e68649349b3f8b06830c490d6fd8ab7376ee4,Korean red clay,kaolin,214,train,0.8290306035219696,186.49944889346057,0.4445217444023443,0.0361236516292696,0.05863,2,True
C:\Users\aswq2\OneDrive\바탕 화면\AI. anti\cell probe\Clay\red clay\0.121\0.593-1.csv,76e85146f263d70ee20427fb0f44299690c89c34bb8ff1d1345f7ef76b5b5583,Korean red clay,kaolin,225,train,0.5926182425550983,55.94999999999998,1.0591925693567443,0.0450125949522175,0.121,1,False
C:\Users\aswq2\OneDrive\바탕 화면\AI. anti\cell probe\Clay\red clay\0.121\0.660-1.csv,297c21f1d1f0f1db59fb864c7459676ca85e810eec0e5fcb34e580f6afbe6a29,Korean red clay,kaolin,224,val,0.6598176622669751,74.6,0.8844740781058649,0.0511241274785,0.121,1,False
C:\Users\aswq2\OneDrive\바탕 화면\AI. anti\cell probe\Clay\red clay\0.121\0.708-1.csv,9ef4f3b1fa118a99e89d6c93e33e45bfa95d8238cabd99b322fc9820784c7d46,Korean red clay,kaolin,223,train,0.7079865673820995,93.25,0.7592349248065411,0.0649463758021838,0.121,1,False
C:\Users\aswq2\OneDrive\바탕 화면\AI. anti\cell probe\Clay\red clay\0.121\0.744-1.csv,71fb1c5ce87f2773c226830cbecd147275a1d4e42efdf63bd6e7a4495cbcb124,Korean red clay,kaolin,222,train,0.744206272062209,111.89999999999998,0.6650636926382566,0.0680170387732135,0.121,1,False
C:\Users\aswq2\OneDrive\바탕 화면\AI. anti\cell probe\Clay\red clay\0.121\0.772-1.csv,572461a535d2ad1112751f7300186f7ed250d88285caf880af5caf4907a5848b,Korean red clay,kaolin,221,train,0.7724324693352752,130.54999999999998,0.5916755797282844,0.078566951136155,0.121,1,False
C:\Users\aswq2\OneDrive\바탕 화면\AI. anti\cell probe\Clay\red clay\0.121\0.795-1.csv,6f00da9af974b526f82e303d9a877028098f4defba3b84c792a18a6c35458ccb,Korean red clay,kaolin,220,train,0.795048368585014,149.2,0.5328742416789639,0.081459837936711,0.121,2,True
C:\Users\aswq2\OneDrive\바탕 화면\AI. anti\cell probe\Clay\red clay\0.121\0.829-1.csv,81eec08350287fd7ccb91641cba6c0dee8491472d4cdbd2fde3dca1cee3164bb,Korean red clay,kaolin,220,train,0.8290306035219696,186.5,0.4445204308428791,0.083735259759054,0.121,2,True
C:\Users\aswq2\OneDrive\바탕 화면\AI. anti\cell probe\Clay\red clay\0.523\0.593-1.csv,387e0c252db6b01b37b9ca4cb88682801505234ab3ff336f5ba586ab81905baa,Korean red clay,kaolin,231,train,0.5926182425550983,55.94999999999998,1.05919256935674,0.183016771308162,0.5226,1,False
C:\Users\aswq2\OneDrive\바탕 화면\AI. anti\cell probe\Clay\red clay\0.523\0.660-1.csv,e5e1488a6b4888f4c3643e41ef46b122c8149a6a20d0cae3b73d415122823719,Korean red clay,kaolin,230,train,0.6598176622669751,74.6,0.8844740781058649,0.221652597402597,0.5226,1,False
C:\Users\aswq2\OneDrive\바탕 화면\AI. anti\cell probe\Clay\red clay\0.523\0.708-1.csv,5f8fc128d59ee8eb74cd5365cba93248d60be482e054b23298489931fdb00f60,Korean red clay,kaolin,229,train,0.7079865673820995,93.25,0.7592349248065411,0.259927884752369,0.5226,1,False
C:\Users\aswq2\OneDrive\바탕 화면\AI. anti\cell probe\Clay\red clay\0.523\0.744-1.csv,04b4970b8eed8f5b3d57bbc9a7719662ae2cbb865a2c39fc7c08c9431f046b43,Korean red clay,kaolin,228,val,0.744206272062209,111.89999999999998,0.6650636926382566,0.288037794017611,0.5226,1,False
C:\Users\aswq2\OneDrive\바탕 화면\AI. anti\cell probe\Clay\red clay\0.523\0.772-1.csv,81adfea88866a4234407372f3e46590bf4624500bc47bb5a2bfb2842052d7467,Korean red clay,kaolin,227,val,0.7724324693352752,130.54999999999998,0.5916755797282844,0.315171190020856,0.5226,1,False
C:\Users\aswq2\OneDrive\바탕 화면\AI. anti\cell probe\Clay\red clay\0.523\0.795-1.csv,1ed672c679dbcd3b49a0e1f9b8b5a452300fc215f7070a750f9b35320cdd7c18,Korean red clay,kaolin,226,train,0.795048368585014,149.2,0.532874241678964,0.33142246440649,0.5226,2,True
C:\Users\aswq2\OneDrive\바탕 화면\AI. anti\cell probe\Clay\red clay\0.523\0.829-1.csv,1c7d64d06dd44c104a2ad31dd7ced6a190d8374d4522e500567d5ddc3548d223,Korean red clay,kaolin,226,train,0.8290306035219696,186.5,0.4445204308428791,0.360970970206264,0.5226,2,True
C:\Users\aswq2\OneDrive\바탕 화면\AI. anti\cell probe\Clay\red clay\1.01\0.593-1.csv,84605f3a180aaff0b63dc4ef8cdf9aa8016ac5fbcc10b1d0910d345550436e78,Korean red clay,kaolin,237,train,0.5926182425550983,55.94999999999998,1.05919256935674,0.357399418207252,1.01,1,False
C:\Users\aswq2\OneDrive\바탕 화면\AI. anti\cell probe\Clay\red clay\1.01\0.660-1.csv,1208b738aad74a8b1b9b3358c5a6e500310fa109a4c65ae1bccad2d3d1440f50,Korean red clay,kaolin,236,test,0.6598176622669751,74.6,0.8844740781058649,0.440598725873835,1.01,1,False
C:\Users\aswq2\OneDrive\바탕 화면\AI. anti\cell probe\Clay\red clay\1.01\0.708-1.csv,09d6e60460c21cbdebe01d817f91fcfde0afb07b1fd303a14b6f1957a489f496,Korean red clay,kaolin,235,test,0.7079865673820995,93.25,0.7592349248065411,0.508649795555179,1.01,1,False
C:\Users\aswq2\OneDrive\바탕 화면\AI. anti\cell probe\Clay\red clay\1.01\0.744-1.csv,76074e3085e1098566352a62813881e70d592032a28af1a6ad8f9a2e7e39b539,Korean red clay,kaolin,234,test,0.744206272062209,111.89999999999998,0.6650636926382566,0.562599891354708,1.01,1,False
C:\Users\aswq2\OneDrive\바탕 화면\AI. anti\cell probe\Clay\red clay\1.01\0.772-1.csv,4a26f0b0015ff587b819e0d09955baaa7906f9f10ea92259d3a33fae4c53813c,Korean red clay,kaolin,233,train,0.7724324693352752,130.54999999999998,0.5916755797282844,0.616822010103123,1.01,1,False
C:\Users\aswq2\OneDrive\바탕 화면\AI. anti\cell probe\Clay\red clay\1.01\0.795-1.csv,c6db3f8ce57f6a14c2d0c1de203218f25c4da30afb609172eedef215816c8852,Korean red clay,kaolin,232,train,0.795048368585014,149.2,0.5328742416789639,0.632666000666,1.01,2,True
C:\Users\aswq2\OneDrive\바탕 화면\AI. anti\cell probe\Clay\red clay\1.01\0.829-1.csv,74be6c6d7e80dd13a30fab6003f039df627a7a5809f27a2d75478906b388fa04,Korean red clay,kaolin,232,train,0.8290306035219696,186.5,0.4445204308428791,0.69122571027207,1.01,2,True
C:\Users\aswq2\OneDrive\바탕 화면\AI. anti\cell probe\Clay\red clay\1.914\0.593-1.csv,1da1b7318070209fd2244da83403a7f7fe9c8dfb4f613382c16a42a08496b20a,Korean red clay,kaolin,243,train,0.5926182425550983,55.94999999999998,1.0591925693567443,0.681973325325926,1.914,1,False
C:\Users\aswq2\OneDrive\바탕 화면\AI. anti\cell probe\Clay\red clay\1.914\0.660-1.csv,60adb86f9183637b21070c1da6717a7c3cd91ee2e0b21f1cca66fdb878854f30,Korean red clay,kaolin,242,val,0.6598176622669751,74.6,0.8844740781058649,0.833878928659417,1.914,1,False
C:\Users\aswq2\OneDrive\바탕 화면\AI. anti\cell probe\Clay\red clay\1.914\0.708-1.csv,5e8ea05262cc034fb2e85b34182a323ecb35d9ffc5cc5ec3eb8e6f0a20063a35,Korean red clay,kaolin,241,val,0.7079865673820995,93.25,0.7592349248065411,0.9705994477963,1.914,1,False
C:\Users\aswq2\OneDrive\바탕 화면\AI. anti\cell probe\Clay\red clay\1.914\0.744-1.csv,ca584cd8abf28457f8b87dc2b38e8ec10cf34a6f8f8a58c1338cf6dc28103ecb,Korean red clay,kaolin,240,train,0.744206272062209,111.89999999999998,0.6650636926382566,1.05571658152381,1.914,1,False
C:\Users\aswq2\OneDrive\바탕 화면\AI. anti\cell probe\Clay\red clay\1.914\0.772-1.csv,917f7633822e3149521bc36ff951d1838ec4358769069eaa538e0a0716eabc0f,Korean red clay,kaolin,239,train,0.7724324693352752,130.54999999999998,0.5916755797282844,1.14247509207211,1.914,1,False
C:\Users\aswq2\OneDrive\바탕 화면\AI. anti\cell probe\Clay\red clay\1.914\0.795-1.csv,3035cede883194627e90543b97538bd60dea1624d4d4957334cedc28a22063db,Korean red clay,kaolin,238,val,0.795048368585014,149.2,0.5328742416789639,1.27007945646279,1.914,2,True
C:\Users\aswq2\OneDrive\바탕 화면\AI. anti\cell probe\Clay\red clay\1.914\0.829-1.csv,f555908c7cebf56320b32586c6bdc3a6d23dac66fc08147ceddbf06109ed9053,Korean red clay,kaolin,238,val,0.8290306035219696,186.5,0.4445204308428791,1.32050138750139,1.914,2,True
C:\Users\aswq2\OneDrive\바탕 화면\AI. anti\cell probe\Clay\red clay\4.273\0.593-1.csv,c7d800757d42e80ea757016d4c13d9d389dd5effc95600c0348fe66b73ec1968,Korean red clay,kaolin,249,train,0.5926182425550983,55.94999999999998,1.0591925693567443,1.646009250571988,4.273,1,False
C:\Users\aswq2\OneDrive\바탕 화면\AI. anti\cell probe\Clay\red clay\4.273\0.660-1.csv,f4f83c7603d17a61a81d402c207644d4b4fef2457b3fbc82f788ba495af8a14e,Korean red clay,kaolin,248,train,0.6598176622669751,74.6,0.8844740781058649,1.9955459414586643,4.273,1,False
C:\Users\aswq2\OneDrive\바탕 화면\AI. anti\cell probe\Clay\red clay\4.273\0.708-1.csv,177891e0e21764b4c154f9c57ed0239532e71163601f801ed70fed529f991c69,Korean red clay,kaolin,247,test,0.7079865673820995,93.25,0.7592349248065411,2.2609702275440435,4.273,1,False
C:\Users\aswq2\OneDrive\바탕 화면\AI. anti\cell probe\Clay\red clay\4.273\0.744-1.csv,4a5cbef8f0a0ee5985d2096ddb26c7f9a9f41f8831a07b036ddd7e448d93dbb7,Korean red clay,kaolin,246,test,0.744206272062209,111.89999999999998,0.6650636926382566,2.5071453642882213,4.273,1,False
C:\Users\aswq2\OneDrive\바탕 화면\AI. anti\cell probe\Clay\red clay\4.273\0.772-1.csv,791131276a76f5d52e052295845c429b1512b596c8291c4ca1a216e705b8b752,Korean red clay,kaolin,245,train,0.7724324693352752,130.54999999999998,0.5916755797282843,2.7029247808468586,4.273,1,False
C:\Users\aswq2\OneDrive\바탕 화면\AI. anti\cell probe\Clay\red clay\4.273\0.795-1.csv,482eb16442fd0bbdd9b38a897f9cb1880769355dd4b1ca5abd10c7cf319a2c12,Korean red clay,kaolin,244,train,0.795048368585014,149.2,0.5328742416789639,2.8783273464124526,4.273,2,True
C:\Users\aswq2\OneDrive\바탕 화면\AI. anti\cell probe\Clay\red clay\4.273\0.829-1.csv,0d11ec7181193b8201af4d04b036466143cd261e7fed1e3338854cc43d904b95,Korean red clay,kaolin,244,train,0.8290306035219696,186.5,0.4445204308428791,3.1737568394459887,4.273,2,True
C:\Users\aswq2\OneDrive\바탕 화면\AI. anti\cell probe\Clay\kaolin\saturation\0.024\0.548-1.CSV,92253daa41b941637bf06de4982fb7508ecc54edac047a068ef3b801eaa0274c,Kaolin,kaolin,166,train,0.5486,48.0,1.143,0.031,0.0238,1,False
C:\Users\aswq2\OneDrive\바탕 화면\AI. anti\cell probe\Clay\kaolin\saturation\0.024\0.618-1.csv,455c30bcc1afa8732b9f23d5700073f250649e43deaadbb7034246ffbb083db0,Kaolin,kaolin,165,train,0.6182,64.0,0.966,0.0338,0.0238,1,False
C:\Users\aswq2\OneDrive\바탕 화면\AI. anti\cell probe\Clay\kaolin\saturation\0.024\0.669-1.CSV,b015a65c91cedd9efae8b30ff4c37305c83d4644b7684ee497e6f7a924a77bdf,Kaolin,kaolin,164,train,0.6696,80.0,0.837,0.0346,0.0238,1,False
C:\Users\aswq2\OneDrive\바탕 화면\AI. anti\cell probe\Clay\kaolin\saturation\0.024\0.708-1.csv,b67bf71e51fbcef0fe9d7db0dbb2589c01f4bce861b5af4dfeface42367785a9,Kaolin,kaolin,163,val,0.7085,96.0,0.738,0.0349,0.0238,1,False
C:\Users\aswq2\OneDrive\바탕 화면\AI. anti\cell probe\Clay\kaolin\saturation\0.024\0.739-1.CSV,761a5de31a2a334d213eac118d34f77578d8bff47250b39bd2696de60028da98,Kaolin,kaolin,162,train,0.7392,112.0,0.66,0.0351,0.0238,1,False
C:\Users\aswq2\OneDrive\바탕 화면\AI. anti\cell probe\Clay\kaolin\saturation\0.024\0.764-1.csv,c797f40a0324d690ce2a0360d6d900676be2028c7bad8a757e4ca2625d7ae5bc,Kaolin,kaolin,161,train,0.7642,128.0,0.597,0.0353,0.0238,1,False
C:\Users\aswq2\OneDrive\바탕 화면\AI. anti\cell probe\Clay\kaolin\saturation\0.024\0.802-1.csv,25beb247a1dae8bae94cae522eac56ce0e9c2376c6c445c355ae194ba75e5239,Kaolin,kaolin,160,test,0.8016,160.0,0.501,0.0354,0.0238,1,False
C:\Users\aswq2\OneDrive\바탕 화면\AI. anti\cell probe\Clay\kaolin\saturation\0.059\0.548-1.CSV,18b2add2ede152d9e6ae57c2416be5d1874a2cad8d2c78aa73ee0ad84ff98916,Kaolin,kaolin,173,train,0.5486,48.0,1.143,0.0447,0.0589,1,False
C:\Users\aswq2\OneDrive\바탕 화면\AI. anti\cell probe\Clay\kaolin\saturation\0.059\0.618-1.csv,f4c53a22dee9447c989ff03152c171b982f14f2fa0d666cf70feadfe8c02d6cf,Kaolin,kaolin,172,train,0.6182,64.0,0.966,0.0452,0.0589,2,True
C:\Users\aswq2\OneDrive\바탕 화면\AI. anti\cell probe\Clay\kaolin\saturation\0.059\0.618-11.csv,c2daef171caff841a4cd1b6db6b27991c6013c02ced489037ab26f75a687bdf7,Kaolin,kaolin,172,train,0.6182,64.0,0.966,0.0452,0.0589,2,True
C:\Users\aswq2\OneDrive\바탕 화면\AI. anti\cell probe\Clay\kaolin\saturation\0.059\0.669-1.CSV,cd9e3d4bbf65d28a261fefb8b1ccb9e52203eb744ca52209d9ece0b0560a2f2d,Kaolin,kaolin,171,test,0.6696,80.0,0.837,0.0441,0.0589,1,False
C:\Users\aswq2\OneDrive\바탕 화면\AI. anti\cell probe\Clay\kaolin\saturation\0.059\0.708-1.csv,871d1db32013e1c1712dfeb7948d457666c4f5dfc09fc496aef142a56de927d1,Kaolin,kaolin,170,train,0.7085,96.0,0.738,0.0484,0.0589,1,False
C:\Users\aswq2\OneDrive\바탕 화면\AI. anti\cell probe\Clay\kaolin\saturation\0.059\0.739-1.CSV,f8cabc57fe6df6c60722a0f2e51a0f64cbf9b86caa1106ed7447fdeaf6029d64,Kaolin,kaolin,169,train,0.7392,112.0,0.66,0.048,0.0589,1,False
C:\Users\aswq2\OneDrive\바탕 화면\AI. anti\cell probe\Clay\kaolin\saturation\0.059\0.764-1.csv,e2bc28a3eecb57d60a5520dea67f0abde05a912629c66338dffa18d1346de684,Kaolin,kaolin,168,train,0.7642,128.0,0.597,0.0504,0.0589,2,True
C:\Users\aswq2\OneDrive\바탕 화면\AI. anti\cell probe\Clay\kaolin\saturation\0.059\0.764-11.csv,ab9af8e12d5b7d8f1a46d1983beb9426405ff19217d9def8b588c1af7c277174,Kaolin,kaolin,168,train,0.7642,128.0,0.597,0.0504,0.0589,2,True
C:\Users\aswq2\OneDrive\바탕 화면\AI. anti\cell probe\Clay\kaolin\saturation\0.059\0.802-1.csv,87c177a4c1ec4b6922db272086ae8fea8457b3ed61a2bdeccde16edad8bc10e1,Kaolin,kaolin,167,train,0.8016,160.0,0.501,0.0515,0.0589,2,True
C:\Users\aswq2\OneDrive\바탕 화면\AI. anti\cell probe\Clay\kaolin\saturation\0.059\0.802-11.csv,d5fa28fd9f33aa15c19322f113b78da5511e3972c524ba2524c7820694afbda0,Kaolin,kaolin,167,train,0.8016,160.0,0.501,0.0515,0.0589,2,True
C:\Users\aswq2\OneDrive\바탕 화면\AI. anti\cell probe\Clay\kaolin\saturation\0.113\0.548-1.CSV,026c0189dd2b1ea099583ae1781c8812954a4376cf0b3d3ef0fa2301bf18414d,Kaolin,kaolin,179,train,0.5486,48.0,1.143,0.0597,0.1131,1,False
C:\Users\aswq2\OneDrive\바탕 화면\AI. anti\cell probe\Clay\kaolin\saturation\0.113\0.618-1.csv,cb69397cac39ee92ced6d4ad13d74b170c9481e4517bee070b1552bd43553a5e,Kaolin,kaolin,178,test,0.6182,64.0,0.966,0.0712,0.1131,1,False
C:\Users\aswq2\OneDrive\바탕 화면\AI. anti\cell probe\Clay\kaolin\saturation\0.113\0.669-1.CSV,3d4078294a9aeb7f45f60f0756b5dceba1ad348fdf0caa4721e7084d518b2aee,Kaolin,kaolin,177,train,0.6696,80.0,0.837,0.0714,0.1131,2,True
C:\Users\aswq2\OneDrive\바탕 화면\AI. anti\cell probe\Clay\kaolin\saturation\0.113\0.669-11.CSV,09a6dc3fcff41f55465e9cc05cd8ceffe9ac8d12aec1efc814cdeab315f1ce4b,Kaolin,kaolin,177,train,0.6696,80.0,0.837,0.0714,0.1131,2,True
C:\Users\aswq2\OneDrive\바탕 화면\AI. anti\cell probe\Clay\kaolin\saturation\0.113\0.708-1.csv,5a7ef168b0ab5e97ee14918f8d3cba65ec9a8ab9fe7ab5eac6d607a483a6dd1e,Kaolin,kaolin,176,val,0.7085,96.0,0.738,0.0753,0.1131,2,True
C:\Users\aswq2\OneDrive\바탕 화면\AI. anti\cell probe\Clay\kaolin\saturation\0.113\0.708-11.csv,c37545b43d4897a47f21b3adbc5c94891b0dae90a1d6db0a2b093c23866a11f9,Kaolin,kaolin,176,val,0.7085,96.0,0.738,0.0753,0.1131,2,True
C:\Users\aswq2\OneDrive\바탕 화면\AI. anti\cell probe\Clay\kaolin\saturation\0.113\0.739-1.CSV,ddf308c1268bcf86094d201d58b0ceafe3c46a220a12b7c2d6d2c73fe1544d4b,Kaolin,kaolin,175,train,0.7392,112.0,0.66,0.0762,0.1131,1,False
C:\Users\aswq2\OneDrive\바탕 화면\AI. anti\cell probe\Clay\kaolin\saturation\0.113\0.764-1.csv,0c1d7d23a7b9e50c7b002fd09a0947cb0392d678f4fb17af07e779a1634e502f,Kaolin,kaolin,174,train,0.7642,128.0,0.597,0.0781,0.1131,3,True
C:\Users\aswq2\OneDrive\바탕 화면\AI. anti\cell probe\Clay\kaolin\saturation\0.113\0.764-11.csv,4932183ef4c6d2c9e2ba1a58b8b356ac59ace7003ff8ca3698ce8846c4c1c69c,Kaolin,kaolin,174,train,0.7642,128.0,0.597,0.0781,0.1131,3,True
C:\Users\aswq2\OneDrive\바탕 화면\AI. anti\cell probe\Clay\kaolin\saturation\0.113\0.764-111.csv,28939dab90d58dac24c215c972aff4de6101fba0bf348d591ed43bbf3309eebf,Kaolin,kaolin,174,train,0.7642,128.0,0.597,0.0781,0.1131,3,True
C:\Users\aswq2\OneDrive\바탕 화면\AI. anti\cell probe\Clay\kaolin\saturation\0.534\0.548-1.CSV,5588f3fa4c0fcf4ca3b81d5d935511f92d308819c9d576982e2b558fcee1bbe1,Kaolin,kaolin,186,train,0.5486,48.0,1.143,0.1728,0.5335,1,False
C:\Users\aswq2\OneDrive\바탕 화면\AI. anti\cell probe\Clay\kaolin\saturation\0.534\0.618-1.csv,c0d0fd3fccd7821ed045d0f8ee75bf618b6c3ae720fd8b8fc58cbaa4b5d1d294,Kaolin,kaolin,185,train,0.6182,64.0,0.966,0.2171,0.5335,1,False
C:\Users\aswq2\OneDrive\바탕 화면\AI. anti\cell probe\Clay\kaolin\saturation\0.534\0.669-1.CSV,f91755a60aeb687cf6d88b05e80c6cc4846cec6fde89351727d8c5d509a48569,Kaolin,kaolin,184,train,0.6696,80.0,0.837,0.2456,0.5335,1,False
C:\Users\aswq2\OneDrive\바탕 화면\AI. anti\cell probe\Clay\kaolin\saturation\0.534\0.708-1.csv,441c558e24d402dc59e1ecf1ad16e4ced661fe8a513f10b3cbafd98cdf9f8ec0,Kaolin,kaolin,183,val,0.7085,96.0,0.738,0.276,0.5335,1,False
C:\Users\aswq2\OneDrive\바탕 화면\AI. anti\cell probe\Clay\kaolin\saturation\0.534\0.739-1.CSV,ad6a8b13f0ecb7bbea413bea8e9c1a6dd45e4a4c77c93590388e332780c01061,Kaolin,kaolin,182,val,0.7392,112.0,0.66,0.2934,0.5335,1,False
C:\Users\aswq2\OneDrive\바탕 화면\AI. anti\cell probe\Clay\kaolin\saturation\0.534\0.764-1.csv,35ea701779a9efc1d22ebd0dad5b882f79ae5a2a10a676bac40baa5c6013974c,Kaolin,kaolin,181,train,0.7642,128.0,0.597,0.3176,0.5335,1,False
C:\Users\aswq2\OneDrive\바탕 화면\AI. anti\cell probe\Clay\kaolin\saturation\0.534\0.802-1.csv,d672d9dceeb4f73e71c67483f8364ce403cd58fee678fad72d37dfe357976eae,Kaolin,kaolin,180,train,0.8016,160.0,0.501,0.3302,0.5335,1,False
C:\Users\aswq2\OneDrive\바탕 화면\AI. anti\cell probe\Clay\kaolin\saturation\1.007\0.548-1.CSV,2dc044fb363fb7ae902f0e179ab41b0f103f2a1c6f2ca125c4ce46be585d2a57,Kaolin,kaolin,193,train,0.5486,48.0,1.143,0.3256,1.007,1,False
C:\Users\aswq2\OneDrive\바탕 화면\AI. anti\cell probe\Clay\kaolin\saturation\1.007\0.618-1.csv,9545e3a129cab2d413c6514ff66d343a554702e6ebc8c02a262801f1be7ba6ea,Kaolin,kaolin,192,val,0.6182,64.0,0.966,0.4072,1.007,1,False
C:\Users\aswq2\OneDrive\바탕 화면\AI. anti\cell probe\Clay\kaolin\saturation\1.007\0.669-1.CSV,af154e1f3359ae957171de92bdbd8e337c02d471b222ca941346ce9dd11b5212,Kaolin,kaolin,191,test,0.6696,80.0,0.837,0.4747,1.007,1,False
C:\Users\aswq2\OneDrive\바탕 화면\AI. anti\cell probe\Clay\kaolin\saturation\1.007\0.708-1.csv,94213878288a97303296a233a78b73aa227d2a8b090225d59bdbce043a0e9eba,Kaolin,kaolin,190,train,0.7085,96.0,0.738,0.5254,1.007,1,False
C:\Users\aswq2\OneDrive\바탕 화면\AI. anti\cell probe\Clay\kaolin\saturation\1.007\0.739-1.CSV,04bc98f1d3b38f449425dcd6cfb7ebdf3fa42114272b3b0d5c32d29402886e4d,Kaolin,kaolin,189,test,0.7392,112.0,0.66,0.5734,1.007,1,False
C:\Users\aswq2\OneDrive\바탕 화면\AI. anti\cell probe\Clay\kaolin\saturation\1.007\0.764-1.csv,98b8c9cf3721c5685caadffc72b4bfe601bf5421ecc98e5c4642a5b52266a38a,Kaolin,kaolin,188,val,0.7642,128.0,0.597,0.6024,1.007,1,False
C:\Users\aswq2\OneDrive\바탕 화면\AI. anti\cell probe\Clay\kaolin\saturation\1.007\0.802-1.csv,33fc9f12fc033518be8d6d24392448776e113fd703dc765be231371e1384e3c5,Kaolin,kaolin,187,test,0.8016,160.0,0.501,0.6602,1.007,1,False
C:\Users\aswq2\OneDrive\바탕 화면\AI. anti\cell probe\Clay\kaolin\saturation\1.9\0.578-1.CSV,370cf710caab28485a6e739a8b6ac9cb8e8eebdefe9c4d195ac10f4c9645b391,Kaolin,kaolin,200,train,0.5486,48.0,1.143,0.6111,1.9,1,False
C:\Users\aswq2\OneDrive\바탕 화면\AI. anti\cell probe\Clay\kaolin\saturation\1.9\0.618-1.csv,82154735b6f6931f85e6448d49f70ac1aca1f5663c53262745a360be536adf03,Kaolin,kaolin,199,test,0.6182,64.0,0.966,0.7395,1.9,1,False
C:\Users\aswq2\OneDrive\바탕 화면\AI. anti\cell probe\Clay\kaolin\saturation\1.9\0.669-1.CSV,6d0dcdb1b20c118dcc1f7a61841ac6fe813cd27cd61f00588bfcd8c52f9f307d,Kaolin,kaolin,198,train,0.6696,80.0,0.837,0.8254,1.9,2,True
C:\Users\aswq2\OneDrive\바탕 화면\AI. anti\cell probe\Clay\kaolin\saturation\1.9\0.669-11.CSV,d6867f8c5c1138b6855c34f024ef60323bffab93b073cb77a4d19a4e0dd1e342,Kaolin,kaolin,198,train,0.6696,80.0,0.837,0.8254,1.9,2,True
C:\Users\aswq2\OneDrive\바탕 화면\AI. anti\cell probe\Clay\kaolin\saturation\1.9\0.708-1.csv,548dd248085c1136fa9df7d62442ac4162481c111577979c83e4d927b2531910,Kaolin,kaolin,197,train,0.7085,96.0,0.738,0.9181,1.9,1,False
C:\Users\aswq2\OneDrive\바탕 화면\AI. anti\cell probe\Clay\kaolin\saturation\1.9\0.739-1.CSV,74b5f2ffaa4e2e1e02cd7c5465a894e5506df21e458b9531b2621d9eb1cd37b7,Kaolin,kaolin,196,train,0.7392,112.0,0.66,1.0032,1.9,1,False
C:\Users\aswq2\OneDrive\바탕 화면\AI. anti\cell probe\Clay\kaolin\saturation\1.9\0.764-1.csv,18825e3945a1f9add7f43b676812258046003664e3ac00dc82b415bd854443f4,Kaolin,kaolin,195,train,0.7642,128.0,0.597,1.0592,1.9,1,False
C:\Users\aswq2\OneDrive\바탕 화면\AI. anti\cell probe\Clay\kaolin\saturation\1.9\0.802-1.csv,f247d1928b6e5931e2447c8533da974c94cf15f114b07940b3c54a9f4c07678e,Kaolin,kaolin,194,train,0.8016,160.0,0.501,1.1642,1.9,1,False
C:\Users\aswq2\OneDrive\바탕 화면\AI. anti\cell probe\Clay\kaolin\saturation\4.345\0.548-1.csv,de4df5b4057a9a89cd3aefe846f7902cdc35d1854671719351ea21db9383041c,Kaolin,kaolin,207,train,0.5486,48.0,1.143,1.4742,4.345,1,False
C:\Users\aswq2\OneDrive\바탕 화면\AI. anti\cell probe\Clay\kaolin\saturation\4.345\0.618-1.csv,6e5e5d5a757c90102be1acfbe2b9e4dd5e16deaf49d90d6e6b837432d43fa241,Kaolin,kaolin,206,val,0.6182,64.0,0.966,1.5651,4.345,2,True
C:\Users\aswq2\OneDrive\바탕 화면\AI. anti\cell probe\Clay\kaolin\saturation\4.345\0.618-11.csv,50262b43f18efe122e36d87c1beee09c04dfde3830db8c8788b244d4faf4789d,Kaolin,kaolin,206,val,0.6182,64.0,0.966,1.5651,4.345,2,True
C:\Users\aswq2\OneDrive\바탕 화면\AI. anti\cell probe\Clay\kaolin\saturation\4.345\0.669-1.csv,83f01878a6fe8037baafe683b8bedc3125e012eaac7e860efae0ae23c10b8973,Kaolin,kaolin,205,train,0.6696,80.0,0.837,1.7597,4.345,1,False
C:\Users\aswq2\OneDrive\바탕 화면\AI. anti\cell probe\Clay\kaolin\saturation\4.345\0.708-1.csv,99709d0129e3f84c36aceda7f16f5b0fcb5a0d954ea57284ec459d4334d2ae0e,Kaolin,kaolin,204,train,0.7085,96.0,0.738,1.8652,4.345,2,True
C:\Users\aswq2\OneDrive\바탕 화면\AI. anti\cell probe\Clay\kaolin\saturation\4.345\0.708-11.csv,148d1d5b8f2328dcb87a4ffcc2e99338c10f95f1906975d47d31bf6abcf87766,Kaolin,kaolin,204,train,0.7085,96.0,0.738,1.8652,4.345,2,True
C:\Users\aswq2\OneDrive\바탕 화면\AI. anti\cell probe\Clay\kaolin\saturation\4.345\0.739-1.csv,26c677c2cbc20fca9b926769d19ab43e0fab7a79c250b0a40c190b64157911af,Kaolin,kaolin,203,train,0.7392,112.0,0.66,2.0298,4.345,1,False
C:\Users\aswq2\OneDrive\바탕 화면\AI. anti\cell probe\Clay\kaolin\saturation\4.345\0.764-1.csv,9b706760db05ed792b15e4d111dfd065537230ed1d6fb28ae4b0683272e43dec,Kaolin,kaolin,202,train,0.7642,128.0,0.597,2.2863,4.345,2,True
C:\Users\aswq2\OneDrive\바탕 화면\AI. anti\cell probe\Clay\kaolin\saturation\4.345\0.764-11.csv,5629d237c5aa0cce15286496b648893d85e344cbf86717b7cf888744089551e3,Kaolin,kaolin,202,train,0.7642,128.0,0.597,2.2863,4.345,2,True
C:\Users\aswq2\OneDrive\바탕 화면\AI. anti\cell probe\Clay\kaolin\saturation\4.345\0.802-1.csv,79bd2b692589a3830e22ffa1ac56e4fff665898b064bd8a97d84fac16d83d352,Kaolin,kaolin,201,train,0.8016,160.0,0.501,2.645,4.345,3,True
C:\Users\aswq2\OneDrive\바탕 화면\AI. anti\cell probe\Clay\kaolin\saturation\4.345\0.802-11.csv,edb3ed03506da0bba82251623562bd82f8af5454e4ed824b6db4e71e933ad282,Kaolin,kaolin,201,train,0.8016,160.0,0.501,2.645,4.345,3,True
C:\Users\aswq2\OneDrive\바탕 화면\AI. anti\cell probe\Clay\kaolin\saturation\4.345\0.802-111.csv,b71fd58672db71dc2fd1cb666bd2b24dd20d367a20a7b5e04b3a0396bc6c5f5a,Kaolin,kaolin,201,train,0.8016,160.0,0.501,2.645,4.345,3,True
C:\Users\aswq2\OneDrive\바탕 화면\AI. anti\cell probe\Sand\K7\0.024\0.073-1.csv,162cb9ac5f11029e9b9fff45b168e46de3d220f06d326ce0c99dbd1b3bea8bf4,K7,k7,125,val,0.0732,5.03,1.456,0.013,0.0238,1,False
C:\Users\aswq2\OneDrive\바탕 화면\AI. anti\cell probe\Sand\K7\0.024\0.148-1.csv,15d466f4a9ceeb5b2685abd40f0785e7512b3162bdac9ddb732be9f4f8499481,K7,k7,126,val,0.1482,10.18,1.456,0.0166,0.0238,1,False
C:\Users\aswq2\OneDrive\바탕 화면\AI. anti\cell probe\Sand\K7\0.024\0.221-1.csv,cb5c0ded73a1cd01298c025e7e1c44337bf93d55b6137eb261e24d44cd274d36,K7,k7,127,train,0.2212,15.19,1.456,0.0203,0.0238,1,False
C:\Users\aswq2\OneDrive\바탕 화면\AI. anti\cell probe\Sand\K7\0.024\0.295-1.csv,b02d14f279c0e5c67a117f0cdca519f22fe8aef067f8bd90be3e07e76560bf5d,K7,k7,128,train,0.2947,20.24,1.456,0.0244,0.0238,1,False
C:\Users\aswq2\OneDrive\바탕 화면\AI. anti\cell probe\Sand\K7\0.024\0.368-1.csv,6036e3ed06d8d20130de59ba82af5571f40a821d7ee7a8beef5c393f204d6a57,K7,k7,129,train,0.3684,25.3,1.456,0.0306,0.0238,1,False
C:\Users\aswq2\OneDrive\바탕 화면\AI. anti\cell probe\Sand\K7\0.024\0.443-1.csv,d9146f9e85b678584cf9a1a8720e5d338777fdf851fc4307b34fe08b03c2a5a6,K7,k7,130,train,0.4432,30.44,1.456,0.0355,0.0238,1,False
C:\Users\aswq2\OneDrive\바탕 화면\AI. anti\cell probe\Sand\K7\0.059\0.073-1.csv,67a6762da28df0b03868e95f2fd18ef47c474bbb52fd1d0647e6f551580263be,K7,k7,131,train,0.0732,5.03,1.456,0.0101,0.0589,1,False
C:\Users\aswq2\OneDrive\바탕 화면\AI. anti\cell probe\Sand\K7\0.059\0.147-1.csv,6b83bf95807010eb42f2ef5ea3a881cd2c6ae5402609c06ee21b74a97946c1c0,K7,k7,132,train,0.1472,10.11,1.456,0.0197,0.0589,1,False
C:\Users\aswq2\OneDrive\바탕 화면\AI. anti\cell probe\Sand\K7\0.059\0.220-1.csv,ff1438cf406fdb326c2c855f890ce2bd2ca48c6a80d8ecc2cc95189369a16e3c,K7,k7,133,test,0.2203,15.13,1.456,0.0237,0.0589,1,False
C:\Users\aswq2\OneDrive\바탕 화면\AI. anti\cell probe\Sand\K7\0.059\0.295-1.csv,663e4be5f09c4d32710561313c62370a741e4401b50bee2d1c0aaf0ba2cadbe0,K7,k7,134,train,0.295,20.26,1.456,0.0262,0.0589,1,False
C:\Users\aswq2\OneDrive\바탕 화면\AI. anti\cell probe\Sand\K7\0.059\0.368-1.csv,f413ba5adc7743457f71f6fb551bf5724a34c8bd4897d4b8fa839fa4abdba3ec,K7,k7,135,train,0.3684,25.3,1.456,0.0288,0.0589,1,False
C:\Users\aswq2\OneDrive\바탕 화면\AI. anti\cell probe\Sand\K7\0.059\0.442-1.csv,8b8fb8e14474ba2e97613f9888be17f11d7fcb9879de06f1f27617e4406a80b7,K7,k7,136,test,0.4418,30.34,1.456,0.0339,0.0589,1,False
C:\Users\aswq2\OneDrive\바탕 화면\AI. anti\cell probe\Sand\K7\0.113\0.075-1.csv,c4182012a24e838ba86a9ad3b49bc306d376ab691f924ee257a5a86266230d09,K7,k7,137,train,0.0754,5.18,1.456,0.0104,0.1131,1,False
C:\Users\aswq2\OneDrive\바탕 화면\AI. anti\cell probe\Sand\K7\0.113\0.151-1.csv,d331ad5a846aafdf3f150f1a5052a54dac1682216a16a10b8983270d357f6d93,K7,k7,138,train,0.1507,10.35,1.456,0.0222,0.1131,1,False
C:\Users\aswq2\OneDrive\바탕 화면\AI. anti\cell probe\Sand\K7\0.113\0.224-1.csv,7ade345089b6645c4d475c54289b15d57a61a4fb77af2287b84ca50670ee4498,K7,k7,139,test,0.2239,15.38,1.456,0.0292,0.1131,1,False
C:\Users\aswq2\OneDrive\바탕 화면\AI. anti\cell probe\Sand\K7\0.113\0.298-1.csv,98c901ef9dd9a8a644e70b7dc4fbb59f7a00e3d12e9892f82567169811c829cd,K7,k7,140,train,0.2979,20.46,1.456,0.0365,0.1131,1,False
C:\Users\aswq2\OneDrive\바탕 화면\AI. anti\cell probe\Sand\K7\0.113\0.371-1.csv,492ace4f75a82c18bac2e3f93f49687a4c019d902cf6ffeb2e6dc96644233129,K7,k7,141,train,0.3711,25.49,1.456,0.0423,0.1131,1,False
C:\Users\aswq2\OneDrive\바탕 화면\AI. anti\cell probe\Sand\K7\0.113\0.445-1.csv,cfe47ce03c9002d754ba6dde9701ceac1290143c301c06c7b0358e4e27b9979e,K7,k7,142,val,0.4451,30.57,1.456,0.0523,0.1131,1,False
C:\Users\aswq2\OneDrive\바탕 화면\AI. anti\cell probe\Sand\K7\0.534\0.073-1.csv,f129f8a3795c7bb8d358c967509dc39f0856790747c4ee4f597ae6088ccd3e4b,K7,k7,143,train,0.0734,5.04,1.456,0.0079,0.5335,1,False
C:\Users\aswq2\OneDrive\바탕 화면\AI. anti\cell probe\Sand\K7\0.534\0.147-1.csv,cd0f3636f3879e438006a018ff1f4bbab720e6fda43e75e28a3151cb46918400,K7,k7,144,val,0.1469,10.09,1.456,0.0199,0.5335,1,False
C:\Users\aswq2\OneDrive\바탕 화면\AI. anti\cell probe\Sand\K7\0.534\0.219-1.csv,716248ada63c2e28a25ed784653f08488d71e6f1866bc043d74a094bb9ab3c55,K7,k7,145,train,0.219,15.04,1.456,0.0362,0.5335,1,False
C:\Users\aswq2\OneDrive\바탕 화면\AI. anti\cell probe\Sand\K7\0.534\0.292-1.csv,2e8ce054076cc888cccce3ba7a387b39de82ca6e586b351df51a200763077ebe,K7,k7,146,test,0.2925,20.09,1.456,0.0597,0.5335,1,False
C:\Users\aswq2\OneDrive\바탕 화면\AI. anti\cell probe\Sand\K7\0.534\0.366-1.csv,502f9211aac05ce0b63c81390269d850ca9be4d1799b961c92a2cb0aa6d6d154,K7,k7,147,train,0.3662,25.15,1.456,0.0806,0.5335,1,False
C:\Users\aswq2\OneDrive\바탕 화면\AI. anti\cell probe\Sand\K7\0.534\0.438-1.csv,b583d505eb401080c4b65c987ccb2e61d9adb72ee3fa3c53cf3e4f825972fc09,K7,k7,148,train,0.4381,30.09,1.456,0.1282,0.5335,1,False
C:\Users\aswq2\OneDrive\바탕 화면\AI. anti\cell probe\Sand\K7\1.007\0.075-1.csv,5fa71e46c824afc5ea0c3fd083d7d59f9273f4daed256c9ad14673135c1b6415,K7,k7,149,train,0.0748,5.14,1.456,0.0099,1.007,1,False
C:\Users\aswq2\OneDrive\바탕 화면\AI. anti\cell probe\Sand\K7\1.007\0.152-1.csv,1b092b747b5a3ef531122184fd79760fa685f8631e9c1cf9ef30551345f02b93,K7,k7,150,train,0.1519,10.43,1.456,0.0329,1.007,1,False
C:\Users\aswq2\OneDrive\바탕 화면\AI. anti\cell probe\Sand\K7\1.007\0.221-1.csv,154866787a5889039be52abc49a3ab209cffd997a5b55c7f4219d422df6562c2,K7,k7,151,train,0.2206,15.15,1.456,0.0586,1.007,1,False
C:\Users\aswq2\OneDrive\바탕 화면\AI. anti\cell probe\Sand\K7\1.007\0.294-1.csv,ae0c9f951fdda98324de08b34d701ffe03e0fbe23bfec902c585854a34e25576,K7,k7,152,train,0.2941,20.2,1.456,0.1128,1.007,1,False
C:\Users\aswq2\OneDrive\바탕 화면\AI. anti\cell probe\Sand\K7\1.007\0.368-1.csv,bb2ea441e74f067402d5de8109e007471e93f68a5d1d98973bf72b40b47dd4ad,K7,k7,153,val,0.3685,25.31,1.456,0.1531,1.007,2,True
C:\Users\aswq2\OneDrive\바탕 화면\AI. anti\cell probe\Sand\K7\1.007\0.455-1.csv,bb8453b806186e4187bac42fb772dea7611621a8a6045800ea3ff10e906a3e50,K7,k7,153,val,0.3685,25.31,1.456,0.1531,1.007,2,True
C:\Users\aswq2\OneDrive\바탕 화면\AI. anti\cell probe\Sand\K7\1.9\0.075-1.csv,57d0c5d4f6c3bd402db3668fa24880f30372053787e87cd85c15edf9f2f81397,K7,k7,154,test,0.0745,5.12,1.456,0.0183,1.9,1,False
C:\Users\aswq2\OneDrive\바탕 화면\AI. anti\cell probe\Sand\K7\1.9\0.148-1.csv,df7ddc4710ad764601b4e4c7edc391a9dcfd427e0ac506bee9cd4ae7e4c16ebd,K7,k7,155,train,0.1482,10.18,1.456,0.0597,1.9,1,False
C:\Users\aswq2\OneDrive\바탕 화면\AI. anti\cell probe\Sand\K7\1.9\0.222-1.csv,f0d974215effe6fceb1173aa02bdc567ee3cb888a7d9b10a8b2ce3e2ffa3fd45,K7,k7,156,test,0.2225,15.28,1.456,0.1111,1.9,1,False
C:\Users\aswq2\OneDrive\바탕 화면\AI. anti\cell probe\Sand\K7\1.9\0.296-1.csv,388b2850f285e286edebb373be844f04ec8d3ad85f83cc90ed8def615fc99ba7,K7,k7,157,train,0.2957,20.31,1.456,0.1833,1.9,1,False
C:\Users\aswq2\OneDrive\바탕 화면\AI. anti\cell probe\Sand\K7\1.9\0.371-1.csv,dc907a3e0333edb898fa4091d9389c8efc97493bf102acec62ee0affb3bd10ae,K7,k7,158,train,0.3707,25.46,1.456,0.3079,1.9,1,False
C:\Users\aswq2\OneDrive\바탕 화면\AI. anti\cell probe\Sand\K7\1.9\0.444-1.csv,f293b47edb41cb07a68d57b164a37e734f66c647e889c123d136edd9de95ecbc,K7,k7,159,train,0.4442,30.51,1.456,0.5019,1.9,1,False
C:\Users\aswq2\OneDrive\바탕 화면\AI. anti\cell probe\Sand\k6\Dr=30%\0.113\0.069-1.csv,8f12e6d0f09245d3077fa230af64d51d2ada08c854becc21da259ba85a293853,K6,k6-30%,66,train,0.069,4.94,1.397,0.012,0.1131,1,False
C:\Users\aswq2\OneDrive\바탕 화면\AI. anti\cell probe\Sand\k6\Dr=30%\0.113\0.144-1.csv,0d9c6d5e34e6f65af303423a08b69a80653a493f5a9329a94893ec299be12f6e,K6,k6-30%,67,train,0.1439,10.3,1.397,0.0186,0.1131,1,False
C:\Users\aswq2\OneDrive\바탕 화면\AI. anti\cell probe\Sand\k6\Dr=30%\0.113\0.221-1.csv,f3c0728f2f67dc867a538bf1b14e11e665c98f1d7f2ee52eb41cd9f678a6dda1,K6,k6-30%,68,val,0.2209,15.81,1.397,0.0291,0.1131,1,False
C:\Users\aswq2\OneDrive\바탕 화면\AI. anti\cell probe\Sand\k6\Dr=30%\0.113\0.300-1.csv,261e761d1435d81863305169c631fecad322b20163a9be69e9330218e696e922,K6,k6-30%,69,train,0.2997,21.45,1.397,0.0396,0.1131,1,False
C:\Users\aswq2\OneDrive\바탕 화면\AI. anti\cell probe\Sand\k6\Dr=30%\0.113\0.375-1.csv,d45c6638e25a28577ce97ad509b706570152e5048bc859b9fcd402a045486c77,K6,k6-30%,70,train,0.3745,26.81,1.397,0.044,0.1131,1,False
C:\Users\aswq2\OneDrive\바탕 화면\AI. anti\cell probe\Sand\k6\Dr=30%\0.534\0.071-1.csv,debb4ae01a0381b98b378b44c966c66b3170e74dd8fcc611bdff1f3cb8b18400,K6,k6-30%,80,train,0.071,5.08,1.397,0.0077,0.5335,1,False
C:\Users\aswq2\OneDrive\바탕 화면\AI. anti\cell probe\Sand\k6\Dr=30%\0.534\0.142-1.csv,35233a76d7360b563b328d6aa5f79f2fe00cc5744be40dc22612315fd1a06287,K6,k6-30%,81,train,0.1419,10.16,1.397,0.0189,0.5335,1,False
C:\Users\aswq2\OneDrive\바탕 화면\AI. anti\cell probe\Sand\k6\Dr=30%\0.534\0.214-1.csv,6c40e9bbe0fc7d66270d2ce899554375e5577bd8ca25ee7c95da95c1a2f532af,K6,k6-30%,82,train,0.2137,15.3,1.397,0.0369,0.5335,1,False
C:\Users\aswq2\OneDrive\바탕 화면\AI. anti\cell probe\Sand\k6\Dr=30%\0.534\0.293-1.csv,2605d4cd6d3e053bbda63cc2596fea31a5720d4376b3dd8761685973a641cedf,K6,k6-30%,83,val,0.2925,20.94,1.397,0.0583,0.5335,1,False
C:\Users\aswq2\OneDrive\바탕 화면\AI. anti\cell probe\Sand\k6\Dr=30%\0.534\0.367-1.csv,2b9cd30c0125f270c8e7eefcd368a8e09fc85cdfad40687f382df84068b6b01c,K6,k6-30%,84,test,0.3666,26.24,1.397,0.089,0.5335,1,False
C:\Users\aswq2\OneDrive\바탕 화면\AI. anti\cell probe\Sand\k6\Dr=30%\1.007\0.073-1.csv,f78a55f28d802c653a6f89e0f818d84bae48c2ea040eeecad101fcd99be939ec,K6,k6-30%,95,train,0.0725,5.19,1.397,0.01,1.007,1,False
C:\Users\aswq2\OneDrive\바탕 화면\AI. anti\cell probe\Sand\k6\Dr=30%\1.007\0.143-1.csv,85e999f725fc539b8273639d922cd9b5c380195f8b3628157a2bbca2ec1e616b,K6,k6-30%,96,val,0.1428,10.22,1.397,0.0289,1.007,1,False
C:\Users\aswq2\OneDrive\바탕 화면\AI. anti\cell probe\Sand\k6\Dr=30%\1.007\0.214-1.csv,66b61a3980f38a2d00aa79a54f7f2315f4ebf203e8eed1bd5a9f7ce25b281f96,K6,k6-30%,97,test,0.2142,15.33,1.397,0.0574,1.007,1,False
C:\Users\aswq2\OneDrive\바탕 화면\AI. anti\cell probe\Sand\k6\Dr=30%\1.007\0.285-1.csv,0e15eea6341d4e675992bab41ba17ff1be5dcdb44aa641ea3a905858f42e133f,K6,k6-30%,98,train,0.2853,20.42,1.397,0.0996,1.007,1,False
C:\Users\aswq2\OneDrive\바탕 화면\AI. anti\cell probe\Sand\k6\Dr=30%\1.007\0.357-1.csv,e5c175bbd3e8bee98cf34dba3561dc08ce3e127297e1c443b7913e20ec8be953,K6,k6-30%,99,test,0.3567,25.53,1.397,0.1515,1.007,1,False
C:\Users\aswq2\OneDrive\바탕 화면\AI. anti\cell probe\Sand\k6\Dr=30%\4.345\0.070-1.csv,60beda21104e9c3bd3caea8600474c9c2901b5347aaa9e0909bd669dca2a40a9,K6,k6-30%,110,val,0.0699,5.0,1.397,0.0246,4.345,1,False
C:\Users\aswq2\OneDrive\바탕 화면\AI. anti\cell probe\Sand\k6\Dr=30%\4.345\0.139-1.csv,c2a826f955cc5fb5407f5f31a8ad18208482cf8e7acc8562895b4903b9021fd3,K6,k6-30%,111,test,0.1389,9.94,1.397,0.0869,4.345,1,False
C:\Users\aswq2\OneDrive\바탕 화면\AI. anti\cell probe\Sand\k6\Dr=30%\4.345\0.209-1.csv,b846d56f272fb4cf2d83362c2962faf42f72e7dfbdf29b1f161a965f735a277f,K6,k6-30%,112,train,0.2094,14.99,1.397,0.1888,4.345,1,False
C:\Users\aswq2\OneDrive\바탕 화면\AI. anti\cell probe\Sand\k6\Dr=30%\4.345\0.282-1.csv,34063cc4e0e561fdc885b480893852e0ccb68a68ec425497bca6c0f86c009c0f,K6,k6-30%,113,val,0.2821,20.19,1.397,0.3367,4.345,1,False
C:\Users\aswq2\OneDrive\바탕 화면\AI. anti\cell probe\Sand\k6\Dr=30%\4.345\0.354-1.csv,d5ec206af4fa5aa001f51ebfffb3cb0782cfcfd85cac0b42cd50d64634116563,K6,k6-30%,114,train,0.3539,25.33,1.397,0.6284,4.345,1,False
C:\Users\aswq2\OneDrive\바탕 화면\AI. anti\cell probe\Sand\k6\Dr=50%\0.113\0.072-1.csv,5f8ea2d58a0bc563ca7cb4874a4e2906d550114a0797975bbb76bc3978ee7a7a,K6,k6-50%,71,train,0.0723,5.0,1.446,0.0119,0.1131,1,False
C:\Users\aswq2\OneDrive\바탕 화면\AI. anti\cell probe\Sand\k6\Dr=50%\0.113\0.145-1.csv,c539d83a4128a62fc290622189d44d74e60f740bff90b563036efeb6d79b1713,K6,k6-50%,72,train,0.1446,10.0,1.446,0.0185,0.1131,1,False
C:\Users\aswq2\OneDrive\바탕 화면\AI. anti\cell probe\Sand\k6\Dr=50%\0.113\0.217-1.csv,5a1b223c22e4b827e0fad1df53aa0f7bbd95bcdc9b8498c626c77f3a81398ccf,K6,k6-50%,73,train,0.2169,15.0,1.446,0.0281,0.1131,1,False
C:\Users\aswq2\OneDrive\바탕 화면\AI. anti\cell probe\Sand\k6\Dr=50%\0.113\0.289-1.csv,f340430023f9c614f4deebecf8c5d93825f7eeabe959f277f89cdd7409bcaa9e,K6,k6-50%,74,train,0.2892,20.0,1.446,0.0393,0.1131,1,False
C:\Users\aswq2\OneDrive\바탕 화면\AI. anti\cell probe\Sand\k6\Dr=50%\0.113\0.361-1.csv,9c99b67f44d27097d00d4bae22de7dcf071fabdad06c400f0db166a152e1e28e,K6,k6-50%,75,train,0.3615,25.0,1.446,0.0432,0.1131,1,False
C:\Users\aswq2\OneDrive\바탕 화면\AI. anti\cell probe\Sand\k6\Dr=50%\0.534\0.072-1.csv,fe31da56561cbca11cd02e562522799da09d69585a9c56bb88f24ce2f82685b6,K6,k6-50%,85,test,0.0723,5.0,1.446,0.0078,0.5335,1,False
C:\Users\aswq2\OneDrive\바탕 화면\AI. anti\cell probe\Sand\k6\Dr=50%\0.534\0.145-1.csv,f4c5de81b5dbe9fae6e91c7ed9b9478703d40c8f5c7283a227d362dc01c4f3cc,K6,k6-50%,86,train,0.1446,10.0,1.446,0.0198,0.5335,1,False
C:\Users\aswq2\OneDrive\바탕 화면\AI. anti\cell probe\Sand\k6\Dr=50%\0.534\0.217-1.csv,217c8c0e400c267ae9ad09050af06322fa8cc7a5c047c4465f3e6286b552f347,K6,k6-50%,87,train,0.2169,15.0,1.446,0.0382,0.5335,1,False
C:\Users\aswq2\OneDrive\바탕 화면\AI. anti\cell probe\Sand\k6\Dr=50%\0.534\0.289-1.csv,975a1a015a842515ecb6484caba488fe0dd77e36a6e4cd27c865df92dc760e9b,K6,k6-50%,88,train,0.2892,20.0,1.446,0.0568,0.5335,1,False
C:\Users\aswq2\OneDrive\바탕 화면\AI. anti\cell probe\Sand\k6\Dr=50%\0.534\0.361-1.csv,eb7252584007c504e6ceb4678166e1a49ea97d99b0eed28f8c670c4109da9133,K6,k6-50%,89,train,0.3615,25.0,1.446,0.0842,0.5335,1,False
C:\Users\aswq2\OneDrive\바탕 화면\AI. anti\cell probe\Sand\k6\Dr=50%\1.007\0.072-1.csv,acb5b64edcb08e45ea325fc825a8a06691e2e489a65620fe1939b717a554d5f1,K6,k6-50%,100,train,0.0723,5.0,1.446,0.0094,1.007,1,False
C:\Users\aswq2\OneDrive\바탕 화면\AI. anti\cell probe\Sand\k6\Dr=50%\1.007\0.145-1.csv,16c72fe9caa319c21ae97f0d3b1f6f804545c6c18b74550ff50950daaad5aa3e,K6,k6-50%,101,test,0.1446,10.0,1.446,0.0309,1.007,1,False
C:\Users\aswq2\OneDrive\바탕 화면\AI. anti\cell probe\Sand\k6\Dr=50%\1.007\0.217-1.csv,b9d658c539a35a597cc54b3ea9caf7912887204e136d228db0e6c020d5a4217f,K6,k6-50%,102,train,0.2169,15.0,1.446,0.0589,1.007,1,False
C:\Users\aswq2\OneDrive\바탕 화면\AI. anti\cell probe\Sand\k6\Dr=50%\1.007\0.289-1.csv,8f25f2240cb0a0110f22935023e6e6e0eb8329e94219d2f4684173a36a4f157a,K6,k6-50%,103,val,0.2892,20.0,1.446,0.0951,1.007,1,False
C:\Users\aswq2\OneDrive\바탕 화면\AI. anti\cell probe\Sand\k6\Dr=50%\1.007\0.361-1.csv,e5cda2366dd27f018c2b99a1c7391b2a10b1ff4555a8083fc65b7b1228c84e2f,K6,k6-50%,104,train,0.3615,25.0,1.446,0.1511,1.007,1,False
C:\Users\aswq2\OneDrive\바탕 화면\AI. anti\cell probe\Sand\k6\Dr=50%\4.345\0.072-1.csv,54165d4e97cf696f684ffcf98f42fdbfb8bac5798d12937b73e15b239dfb520d,K6,k6-50%,115,train,0.0723,5.0,1.446,0.0263,4.345,1,False
C:\Users\aswq2\OneDrive\바탕 화면\AI. anti\cell probe\Sand\k6\Dr=50%\4.345\0.145-1.csv,587ee29bb4386b9d8ec91e53538260461d37e7a67eee8e6049fef19ea3c7f7ce,K6,k6-50%,116,train,0.1446,10.0,1.446,0.0939,4.345,1,False
C:\Users\aswq2\OneDrive\바탕 화면\AI. anti\cell probe\Sand\k6\Dr=50%\4.345\0.217-1.csv,b6611492077d86cef08ae5003b77c90386a81fa58a8a53b32ad54a7f802f4622,K6,k6-50%,117,val,0.2169,15.0,1.446,0.2025,4.345,1,False
C:\Users\aswq2\OneDrive\바탕 화면\AI. anti\cell probe\Sand\k6\Dr=50%\4.345\0.289-1.csv,f212cca02534efbaf926a1aeb49597e415f4bccea97177464cd260f7161ba144,K6,k6-50%,118,val,0.2892,20.0,1.446,0.2955,4.345,1,False
C:\Users\aswq2\OneDrive\바탕 화면\AI. anti\cell probe\Sand\k6\Dr=50%\4.345\0.361-1.csv,5485966eac6d599b315e40c89db95255b7690404481e76af7649aac456b84d4f,K6,k6-50%,119,train,0.3615,25.0,1.446,0.4284,4.345,1,False
C:\Users\aswq2\OneDrive\바탕 화면\AI. anti\cell probe\Sand\k6\Dr=70%\0.113\0..csv,1ba046d89761496a942ed3175bc913f88c63ec5dd01d1e12f666a44e8e256f76,K6,k6-70%,76,test,0.0746,4.98,1.498,0.0118,0.1131,2,True
C:\Users\aswq2\OneDrive\바탕 화면\AI. anti\cell probe\Sand\k6\Dr=70%\0.113\0.075-1.csv,81ad2f1cf35e6212fc372938a23a11ecfe7451677e45a39da024b43ecc840749,K6,k6-70%,76,test,0.0746,4.98,1.498,0.0118,0.1131,2,True
C:\Users\aswq2\OneDrive\바탕 화면\AI. anti\cell probe\Sand\k6\Dr=70%\0.113\0.148-1.csv,0099479472bff44afaeebbd92a14b0e749c8c94edbd9173ce2333f448136dcf1,K6,k6-70%,77,train,0.1477,9.86,1.498,0.0184,0.1131,1,False
C:\Users\aswq2\OneDrive\바탕 화면\AI. anti\cell probe\Sand\k6\Dr=70%\0.113\0.223-1.csv,d688dccd53c99ddd7bde32ac1bd27d5dcd9375ba4e0d04b1ad0550254c71608b,K6,k6-70%,78,train,0.2232,14.9,1.498,0.028,0.1131,1,False
C:\Users\aswq2\OneDrive\바탕 화면\AI. anti\cell probe\Sand\k6\Dr=70%\0.113\0.298-1.csv,6fa224f1b0c525547f4ef73b0303d21ba3941cdaccafb205c3b3edfef2ee4d8a,K6,k6-70%,79,train,0.2983,19.91,1.498,0.0391,0.1131,1,False
C:\Users\aswq2\OneDrive\바탕 화면\AI. anti\cell probe\Sand\k6\Dr=70%\0.534\0.074-1.csv,9a2129d903ea94306eb3ca46e36f3014bd0c7419eef05bc2e119f1ecd4a3c748,K6,k6-70%,90,train,0.074,4.94,1.498,0.0085,0.5335,1,False
C:\Users\aswq2\OneDrive\바탕 화면\AI. anti\cell probe\Sand\k6\Dr=70%\0.534\0.149-1.csv,ff1bedc1afab8f6b3e20e491c108f987527628e0da99ae70d05c039c5d595f96,K6,k6-70%,91,train,0.1491,9.95,1.498,0.0267,0.5335,1,False
C:\Users\aswq2\OneDrive\바탕 화면\AI. anti\cell probe\Sand\k6\Dr=70%\0.534\0.224-1.csv,93f8f9240e245f283f3040fa0b65d24589395dc965e68fd75c184dbb0998b24b,K6,k6-70%,92,test,0.2241,14.96,1.498,0.0382,0.5335,1,False
C:\Users\aswq2\OneDrive\바탕 화면\AI. anti\cell probe\Sand\k6\Dr=70%\0.534\0.299-1.csv,4c2fc96bfe22181fa4da133ac29048ee0d01308a01e0c129b8c98c1532dfd93d,K6,k6-70%,93,train,0.2992,19.97,1.498,0.0693,0.5335,1,False
C:\Users\aswq2\OneDrive\바탕 화면\AI. anti\cell probe\Sand\k6\Dr=70%\0.534\0.374-1.csv,6fb7c673183092b5865a1aeda2c18f8b3e5794e1c4f1a161cbab8066d80bf834,K6,k6-70%,94,train,0.3742,24.98,1.498,0.0944,0.5335,1,False
C:\Users\aswq2\OneDrive\바탕 화면\AI. anti\cell probe\Sand\k6\Dr=70%\1.007\0.073-1.csv,bfdffb4ce10294176d8e448221840921cc5faba36c0fada6bb37961e383a00e6,K6,k6-70%,105,train,0.0731,4.88,1.498,0.0098,1.007,1,False
C:\Users\aswq2\OneDrive\바탕 화면\AI. anti\cell probe\Sand\k6\Dr=70%\1.007\0.147-1.csv,795fc8e6a9f5e2e7bcf45a0220160179de842665d6857b5f6743a5add581c848,K6,k6-70%,106,train,0.1471,9.82,1.498,0.0302,1.007,1,False
C:\Users\aswq2\OneDrive\바탕 화면\AI. anti\cell probe\Sand\k6\Dr=70%\1.007\0.224-1.csv,953e1962ae861ff3ddb9b7d5749ae53e8c23aab9d820e77a85302d438aaf953f,K6,k6-70%,107,train,0.2241,14.96,1.498,0.061,1.007,1,False
C:\Users\aswq2\OneDrive\바탕 화면\AI. anti\cell probe\Sand\k6\Dr=70%\1.007\0.297-1.csv,a26a7f8673bcff4ca8f260e520c0dd6c31a362acfa243662a72e77c33f3af7b8,K6,k6-70%,108,val,0.2971,19.83,1.498,0.1013,1.007,1,False
C:\Users\aswq2\OneDrive\바탕 화면\AI. anti\cell probe\Sand\k6\Dr=70%\1.007\0.370-1.csv,00c5d1ce115b2f1df7e458ad6c4cedb14d6f3b1936fdcbdbf9c6dac3ea099d3a,K6,k6-70%,109,train,0.3705,24.73,1.498,0.1552,1.007,1,False
C:\Users\aswq2\OneDrive\바탕 화면\AI. anti\cell probe\Sand\k6\Dr=70%\4.345\0.073-1.csv,70ad66b4880004a0c982f8a27324880c67859a1bd0d4722635d78c326e9f11a7,K6,k6-70%,120,train,0.073,4.87,1.498,0.0268,4.345,1,False
C:\Users\aswq2\OneDrive\바탕 화면\AI. anti\cell probe\Sand\k6\Dr=70%\4.345\0.146-1.csv,805c6a707c31369de3cce46811a205db6efd867797d8ad5545a70b8d0ec8f83f,K6,k6-70%,121,train,0.1459,9.74,1.498,0.0958,4.345,1,False
C:\Users\aswq2\OneDrive\바탕 화면\AI. anti\cell probe\Sand\k6\Dr=70%\4.345\0.217-1.csv,a2da4c00fa8b6bb6ef30c82a4ecef79ea18855df41b4a3a50b9906be076763c3,K6,k6-70%,122,train,0.2172,14.5,1.498,0.2031,4.345,1,False
C:\Users\aswq2\OneDrive\바탕 화면\AI. anti\cell probe\Sand\k6\Dr=70%\4.345\0.290-1.csv,2d5f8577f7e72f705c9e5bd944f22ff3824270f5ed5ec07402f4a353676ebae9,K6,k6-70%,123,test,0.2905,19.39,1.498,0.3557,4.345,1,False
C:\Users\aswq2\OneDrive\바탕 화면\AI. anti\cell probe\Sand\k6\Dr=70%\4.345\0.362-1.csv,238feb621f9ab19160f057e1bbb64218057fd78da1f88d5a94b40dcbd1bf5cb2,K6,k6-70%,124,train,0.3624,24.19,1.498,0.5502,4.345,1,False
C:\Users\aswq2\OneDrive\바탕 화면\usb\한양대\실험\10. TDR\TDR 데이터\주문진사\0.01mol\0.01mol\1-2.csv,c50199c7dcbd3bf3fd73498d0d36e99e6b2a964a6789ef5dff2931941404bc07,Jumunjin sand,jumunjin - 30%,51,test,0.2139,15.0,1.426,0.0289,0.1131,7,True
C:\Users\aswq2\OneDrive\바탕 화면\usb\한양대\실험\10. TDR\TDR 데이터\주문진사\0.01mol\0.01mol\2-2.csv,e319e4b384b09af4d0d2dfcf369010b05206e7604303efa4c8408d1ee9f55193,Jumunjin sand,jumunjin - 30%,51,test,0.2139,15.0,1.426,0.0289,0.1131,7,True
C:\Users\aswq2\OneDrive\바탕 화면\usb\한양대\실험\10. TDR\TDR 데이터\주문진사\0.01mol\0.01mol\3-2.csv,f5578b4fdddaca31b1da8ee706518e5abd95b00bc6397645e9bd208f21f6b8cd,Jumunjin sand,jumunjin - 30%,51,test,0.2139,15.0,1.426,0.0289,0.1131,7,True
C:\Users\aswq2\OneDrive\바탕 화면\usb\한양대\실험\10. TDR\TDR 데이터\주문진사\0.01mol\0.01mol\33-2.csv,2b715b0d9e1a45c5c181c1f054637ff0f838043361b4e0690e1d28e37e0fab0e,Jumunjin sand,jumunjin - 30%,51,test,0.2139,15.0,1.426,0.0289,0.1131,7,True
C:\Users\aswq2\OneDrive\바탕 화면\usb\한양대\실험\10. TDR\TDR 데이터\주문진사\0.01mol\0.01mol\44-2.csv,f3b87cb17fc46b766fe9ad18400b8e64e8207a3d7f629bd7da038cd131080f03,Jumunjin sand,jumunjin - 30%,51,test,0.2139,15.0,1.426,0.0289,0.1131,7,True
C:\Users\aswq2\OneDrive\바탕 화면\usb\한양대\실험\10. TDR\TDR 데이터\주문진사\0.01mol\0.01mol\55-2.csv,8aaaad5e97ea7e446ddcfdca5392fdd16b9bab43873bdc543ff2f78f7f155136,Jumunjin sand,jumunjin - 30%,51,test,0.2139,15.0,1.426,0.0289,0.1131,7,True
C:\Users\aswq2\OneDrive\바탕 화면\usb\한양대\실험\10. TDR\TDR 데이터\주문진사\TDR. csv\realreal\csv\10% time 1.csv,6c7703128faf8aa0b935971fc4de629e3bf2fc9b5599ccb6fe473c9235eb6fea,Jumunjin sand,jumunjin - 30%,60,val,0.1426,10.0,1.426,0.0245,1.007,6,True
C:\Users\aswq2\OneDrive\바탕 화면\usb\한양대\실험\10. TDR\TDR 데이터\주문진사\TDR. csv\realreal\csv\15% time 1.csv,3298480c40900d1d1ec1745021deb49abcaa078c35cb6c5f0dff502327a31380,Jumunjin sand,jumunjin - 30%,61,train,0.2139,15.0,1.426,0.0599,1.007,17,True
C:\Users\aswq2\OneDrive\바탕 화면\usb\한양대\실험\10. TDR\TDR 데이터\주문진사\TDR. csv\realrealreal\10% 1.csv,9c63e6173c4df2c74ab69d9d3534e45eb4f3f9898bbda040ea4c3f056333e27f,Jumunjin sand,jumunjin - 30%,60,val,0.1426,10.0,1.426,0.0245,1.007,6,True
C:\Users\aswq2\OneDrive\바탕 화면\usb\한양대\실험\10. TDR\TDR 데이터\주문진사\TDR. csv\realrealreal\15% 1.csv,93e697acebb6118032fe35715a43de5a774047abf9dcde4c5db1e0a2400563a3,Jumunjin sand,jumunjin - 30%,61,train,0.2139,15.0,1.426,0.0599,1.007,17,True
C:\Users\aswq2\OneDrive\바탕 화면\usb\한양대\실험\10. TDR\TDR 데이터\주문진사\TDR. csv\realrealreal\20% 1.csv,f5dd31f583de54ced0fe487d4862638d609b46a44116660b73d59df01a2f8dff,Jumunjin sand,jumunjin - 30%,62,train,0.2852,20.0,1.426,0.0949,1.007,5,True
C:\Users\aswq2\OneDrive\바탕 화면\usb\한양대\실험\10. TDR\TDR 데이터\주문진사\TDR. csv\realrealreal\25% 1.csv,337b5d77ea040d8df224b03f3fd0b61eb203442b11e29271ab9ca427d299f93d,Jumunjin sand,jumunjin - 30%,63,val,0.3565,25.0,1.426,0.1427,1.007,2,True
C:\Users\aswq2\OneDrive\바탕 화면\usb\한양대\실험\10. TDR\TDR 데이터\주문진사\TDR. csv\realrealreal\30% 1.csv,a9a777be5ceb053f3cbfd46c43ef3104ddbb25726840cbac9435b74b4ae0453b,Jumunjin sand,jumunjin - 50%,64,val,0.4434,30.0,1.478,0.05,1.007,2,True
C:\Users\aswq2\OneDrive\바탕 화면\usb\한양대\실험\10. TDR\TDR 데이터\주문진사\TDR. csv\realrealreal\40% 1.csv,d9b8bcb7b705ad8d23ce4affe6d00ea3a06168497361d5f6ad9bd43457bf6ec7,Jumunjin sand,jumunjin - 50%,65,train,0.5912,40.0,1.478,0.05,1.007,2,True
C:\Users\aswq2\OneDrive\바탕 화면\usb\한양대\실험\10. TDR\TDR 데이터\주문진사\TDR. csv\realrealreal\5% 1.csv,fbdfca4561e30ecba42b80d1dcf40a6a97ac48b5abb9bd83133127ae88ea6a80,Jumunjin sand,jumunjin - 30%,59,train,0.0713,5.0,1.426,0.0089,1.007,4,True
C:\Users\aswq2\OneDrive\바탕 화면\usb\한양대\실험\10. TDR\TDR 데이터\주문진사\TDR. csv\realrealreal\dry soil time 1.csv,54f33b0fb158f4cc8dd3f82f3857513f7d7fcff9878e0b5784a5938374887eab,Jumunjin sand,jumunjin - 30%,61,train,0.2139,15.0,1.426,0.0599,1.007,17,True
C:\Users\aswq2\OneDrive\바탕 화면\usb\한양대\실험\10. TDR\TDR 데이터\주문진사\TDR. csv\test\20% .csv,16d0b8c7b56fc8570c76371780ab4536501166463eb2263ffbb281363e791156,Jumunjin sand,jumunjin - 30%,62,train,0.2852,20.0,1.426,0.0949,1.007,5,True
C:\Users\aswq2\OneDrive\바탕 화면\usb\한양대\실험\10. TDR\TDR 데이터\주문진사\TDR. csv\test\30% .csv,e95f7e264ba9987cc6b8f0ef86fecb3a20393114e997e88c2a050e15f270d6d5,Jumunjin sand,jumunjin - 50%,64,val,0.4434,30.0,1.478,0.05,1.007,2,True
C:\Users\aswq2\OneDrive\바탕 화면\usb\한양대\실험\10. TDR\TDR 데이터\주문진사\TDR. csv\test\40% .csv,e195774f7abe18349699c4a71ad8e8745a4b95f99513bb3df89f9db792c090f6,Jumunjin sand,jumunjin - 50%,65,train,0.5912,40.0,1.478,0.05,1.007,2,True
C:\Users\aswq2\OneDrive\바탕 화면\usb\한양대\실험\10. TDR\TDR 데이터\주문진사\주문진\0.015m\1-2.csv,6c4259d74c9d7b5a4fcc52920dbdce245409e94b31aac46aa0b4d6cdc1ac59d6,Jumunjin sand,jumunjin - 30%,61,train,0.2139,15.0,1.426,0.0599,1.007,17,True
C:\Users\aswq2\OneDrive\바탕 화면\usb\한양대\실험\10. TDR\TDR 데이터\주문진사\주문진\0.015m\1-4.csv,f71fbfbc78127f5ac8fd155f36280d12a35b43c3c04d20020db923716bfdec9a,Jumunjin sand,jumunjin - 30%,61,train,0.2139,15.0,1.426,0.0599,1.007,17,True
C:\Users\aswq2\OneDrive\바탕 화면\usb\한양대\실험\10. TDR\TDR 데이터\주문진사\주문진\0.015m\2-2.csv,3e65a5ef6b37e19e61e24e0f7236ffde97b1135b538aca722fa5aec03bbcc786,Jumunjin sand,jumunjin - 30%,61,train,0.2139,15.0,1.426,0.0599,1.007,17,True
C:\Users\aswq2\OneDrive\바탕 화면\usb\한양대\실험\10. TDR\TDR 데이터\주문진사\주문진\0.015m\2-4.csv,279b4fcfc81083b08e10e75a4775b5191cbe988490161d901225f341297792f9,Jumunjin sand,jumunjin - 30%,61,train,0.2139,15.0,1.426,0.0599,1.007,17,True
C:\Users\aswq2\OneDrive\바탕 화면\usb\한양대\실험\10. TDR\TDR 데이터\주문진사\주문진\0.015m\3-2.csv,0232b00103c2779541de831c188a5c104fa478509d6c912bc4fe6650d33b05d7,Jumunjin sand,jumunjin - 30%,61,train,0.2139,15.0,1.426,0.0599,1.007,17,True
C:\Users\aswq2\OneDrive\바탕 화면\usb\한양대\실험\10. TDR\TDR 데이터\주문진사\주문진\0.015m\3-4.csv,aedf4d7a11d52cf7c448ef60a85f13b1bfcf63aedfe6f28ac1d8cc1f1216af1c,Jumunjin sand,jumunjin - 30%,61,train,0.2139,15.0,1.426,0.0599,1.007,17,True
C:\Users\aswq2\OneDrive\바탕 화면\usb\한양대\실험\10. TDR\TDR 데이터\주문진사\주문진\0.015m\4-2.csv,df2870bfd9057c607afce482771cd3cd5eb7dd5833fc1784045b6f0179cb0f3c,Jumunjin sand,jumunjin - 30%,61,train,0.2139,15.0,1.426,0.0599,1.007,17,True
C:\Users\aswq2\OneDrive\바탕 화면\usb\한양대\실험\10. TDR\TDR 데이터\주문진사\주문진\0.015m\4-4.csv,3ece61d376ffa585a73dcce6fe7998bb2e3728284701eddd4f084d3f7a027a88,Jumunjin sand,jumunjin - 30%,61,train,0.2139,15.0,1.426,0.0599,1.007,17,True
C:\Users\aswq2\OneDrive\바탕 화면\usb\한양대\실험\10. TDR\TDR 데이터\주문진사\주문진\0.015m\5-2.csv,4b731d9fd6edb9b13c153a27926ba2dc05b54f67e767c634e48480249a993894,Jumunjin sand,jumunjin - 30%,61,train,0.2139,15.0,1.426,0.0599,1.007,17,True
C:\Users\aswq2\OneDrive\바탕 화면\usb\한양대\실험\10. TDR\TDR 데이터\주문진사\주문진\0.015m\5-4.csv,509d7c85ebbbd66d7cf5b1aba5c476dabbb9888ceefb70ed35d7545f4486a1b8,Jumunjin sand,jumunjin - 30%,61,train,0.2139,15.0,1.426,0.0599,1.007,17,True
C:\Users\aswq2\OneDrive\바탕 화면\usb\한양대\실험\10. TDR\TDR 데이터\주문진사\주문진 소금물\0.01MOL\10% 1.csv,497d0ad69293b31a1f167c0e1cc69f672ffc0775302bc7b07fbc2c8402d6254d,Jumunjin sand,jumunjin - 30%,50,train,0.1426,10.0,1.426,0.0197,0.1131,1,False
C:\Users\aswq2\OneDrive\바탕 화면\usb\한양대\실험\10. TDR\TDR 데이터\주문진사\주문진 소금물\0.01MOL\15% 1.csv,bf39291c34eafa58cdf4e5f43c5d0261065eea307364ca5b07459cd5fa79deb3,Jumunjin sand,jumunjin - 30%,51,test,0.2139,15.0,1.426,0.0289,0.1131,7,True
C:\Users\aswq2\OneDrive\바탕 화면\usb\한양대\실험\10. TDR\TDR 데이터\주문진사\주문진 소금물\0.01MOL\20% 1.csv,7500cb78fa6c1136ae3d10a06fae8bf81fa090eb598e794e442c8df0ac387b69,Jumunjin sand,jumunjin - 30%,52,train,0.2852,20.0,1.426,0.0394,0.1131,1,False
C:\Users\aswq2\OneDrive\바탕 화면\usb\한양대\실험\10. TDR\TDR 데이터\주문진사\주문진 소금물\0.01MOL\25% 1.csv,c1dfd1abd2143ee72844c3c17f5a1671ab08cc64e6d2b47178914c19b51bacd3,Jumunjin sand,jumunjin - 30%,53,train,0.3565,25.0,1.426,0.044,0.1131,1,False
C:\Users\aswq2\OneDrive\바탕 화면\usb\한양대\실험\10. TDR\TDR 데이터\주문진사\주문진 소금물\0.01MOL\5% 1.csv,9a39dc51366797aad8439f92b4da8ddeb8b829f37a633f7e522ef4692822f8ac,Jumunjin sand,jumunjin - 30%,49,train,0.0713,5.0,1.426,0.0118,0.1131,1,False
C:\Users\aswq2\OneDrive\바탕 화면\usb\한양대\실험\10. TDR\TDR 데이터\주문진사\주문진 소금물\0.05mol\10% 1.csv,6588c0a3084c874cf67dde32451fc3e3687deed649e194abb4fcb05fc0b0d1d6,Jumunjin sand,jumunjin - 30%,55,train,0.1426,10.0,1.426,0.0187,0.5335,3,True
C:\Users\aswq2\OneDrive\바탕 화면\usb\한양대\실험\10. TDR\TDR 데이터\주문진사\주문진 소금물\0.05mol\15% 1.csv,c26a7d378ad5e88286728aab62f9d4b3fea5ae11778cc4f05f96a7cbe6cfe61a,Jumunjin sand,jumunjin - 30%,56,train,0.2139,15.0,1.426,0.0351,0.5335,3,True
C:\Users\aswq2\OneDrive\바탕 화면\usb\한양대\실험\10. TDR\TDR 데이터\주문진사\주문진 소금물\0.05mol\20% 1.csv,de797847cd91e3f79a2e4a54e15e8aed427aab9048db151aa517f99397e4d58b,Jumunjin sand,jumunjin - 30%,57,train,0.2852,20.0,1.426,0.0591,0.5335,3,True
C:\Users\aswq2\OneDrive\바탕 화면\usb\한양대\실험\10. TDR\TDR 데이터\주문진사\주문진 소금물\0.05mol\25% 1.csv,eba606896dc07c0fe9a5663fc6cf180d4c00e40d8a808eb836fe06c25080073f,Jumunjin sand,jumunjin - 30%,58,test,0.3565,25.0,1.426,0.0831,0.5335,3,True
C:\Users\aswq2\OneDrive\바탕 화면\usb\한양대\실험\10. TDR\TDR 데이터\주문진사\주문진 소금물\0.05mol\5% 1.csv,24fd0dc9c06f1bf9f647dfa8a57a0bf410d793dc4e718a439419356acd6ada7f,Jumunjin sand,jumunjin - 30%,54,train,0.0713,5.0,1.426,0.0077,0.5335,3,True
C:\Users\aswq2\OneDrive\바탕 화면\usb\한양대\실험\10. TDR\TDR 데이터\주문진사\주문진 소금물\0.05mol -2\10% 1.csv,33e49d42304a89372b2ed2b57dfa6b2cf707f0e27cb93ebb34703ee917a8e36f,Jumunjin sand,jumunjin - 30%,55,train,0.1426,10.0,1.426,0.0187,0.5335,3,True
C:\Users\aswq2\OneDrive\바탕 화면\usb\한양대\실험\10. TDR\TDR 데이터\주문진사\주문진 소금물\0.05mol -2\15% 1.csv,a3c675060a286567a00e1fb9c7b64d58afbeb132c7aa6bf6095cf00a395664c7,Jumunjin sand,jumunjin - 30%,56,train,0.2139,15.0,1.426,0.0351,0.5335,3,True
C:\Users\aswq2\OneDrive\바탕 화면\usb\한양대\실험\10. TDR\TDR 데이터\주문진사\주문진 소금물\0.05mol -2\20% 1.csv,e7fe49d2c887ac3c0e1ee51752b5dba71995d69c3cb2a2409edb788f91fdf540,Jumunjin sand,jumunjin - 30%,57,train,0.2852,20.0,1.426,0.0591,0.5335,3,True
C:\Users\aswq2\OneDrive\바탕 화면\usb\한양대\실험\10. TDR\TDR 데이터\주문진사\주문진 소금물\0.05mol -2\25% 1.csv,df72ec35e3084ea98e8b789e88bd50dcc96276b4bda5fccaf1dcbfe1e22e770d,Jumunjin sand,jumunjin - 30%,58,test,0.3565,25.0,1.426,0.0831,0.5335,3,True
C:\Users\aswq2\OneDrive\바탕 화면\usb\한양대\실험\10. TDR\TDR 데이터\주문진사\주문진 소금물\0.05mol -2\5% 1.csv,648fc28a04cdabb1b1ef4e2105cae2bce81c984c30d331967a10eb97daa1f555,Jumunjin sand,jumunjin - 30%,54,train,0.0713,5.0,1.426,0.0077,0.5335,3,True
C:\Users\aswq2\OneDrive\바탕 화면\usb\한양대\실험\10. TDR\TDR 데이터\주문진사\주문진 소금물\0.05mol -3 중량\10% 1.csv,7671e11212b8fedfeebb50a7b922ee38158b826d1eec3826d02d531e090c838e,Jumunjin sand,jumunjin - 30%,55,train,0.1426,10.0,1.426,0.0187,0.5335,3,True
C:\Users\aswq2\OneDrive\바탕 화면\usb\한양대\실험\10. TDR\TDR 데이터\주문진사\주문진 소금물\0.05mol -3 중량\15% 1.csv,87eb5f5a0910c3ae782eb4463d1e2e5893ab6035314a9936cfd2fcab02b6f443,Jumunjin sand,jumunjin - 30%,56,train,0.2139,15.0,1.426,0.0351,0.5335,3,True
C:\Users\aswq2\OneDrive\바탕 화면\usb\한양대\실험\10. TDR\TDR 데이터\주문진사\주문진 소금물\0.05mol -3 중량\20% 1.csv,6acdbfe560842c659572ef9fe8776ff3609ce464761961668e9d79f89b516e79,Jumunjin sand,jumunjin - 30%,57,train,0.2852,20.0,1.426,0.0591,0.5335,3,True
C:\Users\aswq2\OneDrive\바탕 화면\usb\한양대\실험\10. TDR\TDR 데이터\주문진사\주문진 소금물\0.05mol -3 중량\25% 1.csv,9e8ef046cbeff47a7cec37869228c24e335e1abd7cdd238b1f806448f52a1118,Jumunjin sand,jumunjin - 30%,58,test,0.3565,25.0,1.426,0.0831,0.5335,3,True
C:\Users\aswq2\OneDrive\바탕 화면\usb\한양대\실험\10. TDR\TDR 데이터\주문진사\주문진 소금물\0.05mol -3 중량\5% 1.csv,597bd810a947e6d5b8514711b5117ba9b2fe93402881a0c15d3df8ccbed15ec3,Jumunjin sand,jumunjin - 30%,54,train,0.0713,5.0,1.426,0.0077,0.5335,3,True
C:\Users\aswq2\OneDrive\바탕 화면\usb\한양대\실험\10. TDR\TDR 데이터\주문진사\주문진 소금물\0.1MOL\0.1mol 소금물\10% 1.csv,3bedef5aef9dc2533630d3ceba12ba764da0f9817bfb0dc4e1c3637495ea8e1b,Jumunjin sand,jumunjin - 30%,60,val,0.1426,10.0,1.426,0.0245,1.007,6,True
C:\Users\aswq2\OneDrive\바탕 화면\usb\한양대\실험\10. TDR\TDR 데이터\주문진사\주문진 소금물\0.1MOL\0.1mol 소금물\15% 1.csv,eb5c09b1184797ca898db46743b6a98d4d0ba9c12b7713d1bf12e6fbc5946155,Jumunjin sand,jumunjin - 30%,61,train,0.2139,15.0,1.426,0.0599,1.007,17,True
C:\Users\aswq2\OneDrive\바탕 화면\usb\한양대\실험\10. TDR\TDR 데이터\주문진사\주문진 소금물\0.1MOL\0.1mol 소금물\20% 1.csv,6376dcda130ca14a7ad87c7a4a04dfcf3ca50fd025754c5829719f368b59f5ae,Jumunjin sand,jumunjin - 30%,62,train,0.2852,20.0,1.426,0.0949,1.007,5,True
C:\Users\aswq2\OneDrive\바탕 화면\usb\한양대\실험\10. TDR\TDR 데이터\주문진사\주문진 소금물\0.1MOL\0.1mol 소금물\5% 1.csv,2c67dbb478c9414c2677a6b79018a6c20eeb71665ebd86a47cca81ccd2d2371e,Jumunjin sand,jumunjin - 30%,59,train,0.0713,5.0,1.426,0.0089,1.007,4,True
C:\Users\aswq2\OneDrive\바탕 화면\usb\한양대\실험\10. TDR\TDR 데이터\주문진사\주문진 소금물\0.1MOL\소금물\10% 1.csv,b897bc767a1181a683f95c8e28e8b8b88758d32f0e4438c5d1b0c6becfe65c93,Jumunjin sand,jumunjin - 30%,60,val,0.1426,10.0,1.426,0.0245,1.007,6,True
C:\Users\aswq2\OneDrive\바탕 화면\usb\한양대\실험\10. TDR\TDR 데이터\주문진사\주문진 소금물\0.1MOL\소금물\15% 1.csv,a46ce2e63fbe0ff62f37997e4b9a4db0650bf49b0e54009a4386cfccb9c78ffe,Jumunjin sand,jumunjin - 30%,61,train,0.2139,15.0,1.426,0.0599,1.007,17,True
C:\Users\aswq2\OneDrive\바탕 화면\usb\한양대\실험\10. TDR\TDR 데이터\주문진사\주문진 소금물\0.1MOL\소금물\20% 1.csv,ac5dd131d98d4e03d5e82e391e1ac4dd2abc01f2b8d061d47f3ee15e6cc74d8e,Jumunjin sand,jumunjin - 30%,62,train,0.2852,20.0,1.426,0.0949,1.007,5,True
C:\Users\aswq2\OneDrive\바탕 화면\usb\한양대\실험\10. TDR\TDR 데이터\주문진사\주문진 소금물\0.1MOL\소금물\5% 1.csv,d562312d21830d06c9ce14620513c7af1b071d667e635e2051578e86e9e1ff68,Jumunjin sand,jumunjin - 30%,59,train,0.0713,5.0,1.426,0.0089,1.007,4,True
C:\Users\aswq2\OneDrive\바탕 화면\usb\한양대\실험\10. TDR\TDR 데이터\주문진사\주문진 소금물\0.1mol -3 중량\10% 1.csv,25e2a180e517eddcd5a99bdd6d5d96c128214bd596c995db887c0772c3e9fc0f,Jumunjin sand,jumunjin - 30%,60,val,0.1426,10.0,1.426,0.0245,1.007,6,True
C:\Users\aswq2\OneDrive\바탕 화면\usb\한양대\실험\10. TDR\TDR 데이터\주문진사\주문진 소금물\0.1mol -3 중량\15% 1.csv,5695342ae9f5349567f3df1d700436ba8e808c146e97da2ef6e9d6a62ae9cdc1,Jumunjin sand,jumunjin - 30%,61,train,0.2139,15.0,1.426,0.0599,1.007,17,True
C:\Users\aswq2\OneDrive\바탕 화면\usb\한양대\실험\10. TDR\TDR 데이터\주문진사\주문진 소금물\0.1mol -3 중량\20% 1.csv,ad21e4853cad6e6836d11f2c1428f75782da31d235dcb3d99e5c675dd9a49862,Jumunjin sand,jumunjin - 30%,62,train,0.2852,20.0,1.426,0.0949,1.007,5,True
C:\Users\aswq2\OneDrive\바탕 화면\usb\한양대\실험\10. TDR\TDR 데이터\주문진사\주문진 소금물\0.1mol -3 중량\25% 1.csv,0c0ed737a50db93b3ebaf1587c60e58bbe188d92736cfe6b53d717190a82d63a,Jumunjin sand,jumunjin - 30%,63,val,0.3565,25.0,1.426,0.1427,1.007,2,True
C:\Users\aswq2\OneDrive\바탕 화면\usb\한양대\실험\10. TDR\TDR 데이터\주문진사\주문진 소금물\0.1mol -3 중량\5% 1.csv,acf59f368d64b2a55c3cbafee95cd262c578cdf321928943db6f4a34e408760d,Jumunjin sand,jumunjin - 30%,59,train,0.0713,5.0,1.426,0.0089,1.007,4,True
C:\Users\aswq2\OneDrive\바탕 화면\usb\한양대\실험\10. TDR\TDR 데이터\주문진사\주문진 소금물\0.1mol-2\10% 1.csv,322b3731e9f3139e329591ebfbb7649e726b56e7c0679e1ddcb83e57d7cf9c9a,Jumunjin sand,jumunjin - 30%,60,val,0.1426,10.0,1.426,0.0245,1.007,6,True
C:\Users\aswq2\OneDrive\바탕 화면\usb\한양대\실험\10. TDR\TDR 데이터\주문진사\주문진 소금물\0.1mol-2\15% 1.csv,16bb4b142dc9f40038b2fbde47a14caebf161cf4f00b13ed0df86bd94b2b9806,Jumunjin sand,jumunjin - 30%,61,train,0.2139,15.0,1.426,0.0599,1.007,17,True
