VOLTS (mV),ROUNDTRIP (ns)
-257.393614,0.000000
-250.811435,0.145724
-250.314300,0.291447
-250.067122,0.437171
-250.205986,0.582895
-250.139331,0.728618
-249.847716,0.874342
-249.806056,1.020066
-249.356135,1.165789
-249.478336,1.311513
-249.783838,1.457237
-249.883820,1.602960
-250.186545,1.748684
-250.847540,1.894408
-250.461497,2.040131
-249.944921,2.185855
-249.606091,2.331579
-249.272816,2.477302
-249.753288,2.623026
-250.500379,2.768750
-250.389287,2.914473
-250.075453,3.060197
-250.155995,3.205921
-249.981026,3.351644
-249.981026,3.497368
-249.869934,3.643091
-249.511663,3.788815
-249.492222,3.934539
-249.186720,4.080262
-249.447786,4.225986
-249.978248,4.371710
-250.330964,4.517433
-250.272641,4.663157
-249.931034,4.808881
-249.631087,4.954604
-249.572764,5.100328
-249.567209,5.246052
-249.594982,5.391775
-249.511663,5.537499
-249.719960,5.683223
-250.072676,5.828946
-250.175436,5.974670
-250.100449,6.120394
-250.128222,6.266117
-250.278196,6.411841
-250.025462,6.557565
-249.647751,6.703288
-249.678301,6.849012
-249.903261,6.994736
-249.889375,7.140459
-249.883820,7.286183
-249.933812,7.431907
-249.703296,7.577630
-249.289480,7.723354
-249.014528,7.869078
-248.889550,8.014801
-248.875664,8.160525
-249.761620,8.306249
-250.519820,8.451972
-251.086387,8.597696
-250.914195,8.743420
-250.358737,8.889143
-250.130999,9.034867
-250.075453,9.180591
-250.133777,9.326314
-249.983803,9.472038
-249.847716,9.617762
-249.447786,9.763485
-249.472781,9.909209
-249.806056,10.054932
-249.808834,10.200656
-249.606091,10.346380
-249.742179,10.492103
-249.783838,10.637827
-249.308921,10.783551
-249.342249,10.929274
-250.511488,11.074998
-250.819767,11.220722
-250.555925,11.366445
-250.200432,11.512169
-249.850493,11.657893
-249.981026,11.803616
-250.425392,11.949340
-250.786440,12.095064
-249.889375,12.240787
-248.906214,12.386511
-234.108809,12.532235
-136.403723,12.677958
-18.024485,12.823682
41.720592,12.969406
33.233191,13.115129
-3.943622,13.260853
-3.974172,13.406577
3.246784,13.552300
9.990046,13.698024
-3.349281,13.843748
-4.829577,13.989471
1.158261,14.135195
3.841124,14.280919
-1.083012,14.426642
-2.941020,14.572366
0.052900,14.718090
1.361004,14.863813
0.419502,15.009537
-1.335746,15.155261
-1.849544,15.300984
-0.102629,15.446708
-0.663641,15.592432
-0.416462,15.738155
0.863869,15.883879
1.441545,16.029603
0.799991,16.175326
0.836096,16.321050
2.035885,16.466773
1.985894,16.612497
1.002733,16.758221
0.194542,16.903944
0.408393,17.049668
1.455432,17.195392
2.935727,17.341115
7.587689,17.486839
13.075616,17.632563
10.406639,17.778286
4.246609,17.924010
-0.130401,18.069734
0.774995,18.215457
1.591519,18.361181
2.405265,18.506905
0.977738,18.652628
0.591694,18.798352
1.602628,18.944076
1.727606,19.089799
0.969406,19.235523
0.774995,19.381247
1.252689,19.526970
1.435990,19.672694
1.049947,19.818418
1.516532,19.964141
2.499693,20.109865
2.891291,20.255589
2.780199,20.401312
2.677439,20.547036
2.644112,20.692760
1.899798,20.838483
1.469318,20.984207
0.602803,21.129931
0.897196,21.275654
1.858139,21.421378
1.916462,21.567102
1.749824,21.712825
1.608183,21.858549
1.538750,22.004273
1.760934,22.149996
2.035885,22.295720
1.380445,22.441444
1.397108,22.587167
0.697231,22.732891
0.994401,22.878614
1.577632,23.024338
2.144200,23.170062
2.174750,23.315785
1.977562,23.461509
1.361004,23.607233
1.799816,23.752956
2.421929,23.898680
2.810749,24.044404
2.024776,24.190127
2.221964,24.335851
2.616339,24.481575
2.416374,24.627298
2.216409,24.773022
2.071990,24.918746
1.760934,25.064469
1.424881,25.210193
1.186034,25.355917
1.488759,25.501640
1.394331,25.647364
1.594296,25.793088
1.963676,25.938811
2.185859,26.084535
2.538575,26.230259
2.427483,26.375982
1.997003,26.521706
2.227518,26.667430
1.913684,26.813153
1.647065,26.958877
2.277510,27.104601
2.491361,27.250324
2.746872,27.396048
3.696705,27.541772
2.460811,27.687495
1.830366,27.833219
2.424706,27.978943
2.019222,28.124666
2.071990,28.270390
2.241405,28.416114
2.196968,28.561837
1.958121,28.707561
2.285841,28.853285
2.994051,28.999008
2.996828,29.144732
2.438592,29.290455
1.502645,29.436179
1.683169,29.581903
2.252514,29.727626
2.299728,29.873350
3.213457,30.019074
3.080147,30.164797
2.660776,30.310521
2.671885,30.456245
3.291221,30.601968
2.780199,30.747692
2.410820,30.893416
2.327501,31.039139
2.377492,31.184863
2.319169,31.330587
2.177527,31.476310
2.155309,31.622034
2.502470,31.767758
2.599675,31.913481
2.185859,32.059205
2.163641,32.204929
2.613562,32.350652
2.691326,32.496376
2.827413,32.642100
2.894068,32.787823
3.310662,32.933547
3.527290,33.079271
3.060706,33.224994
2.499693,33.370718
2.138645,33.516442
1.555414,33.662165
1.852584,33.807889
2.638557,33.953613
2.660776,34.099336
2.558016,34.245060
2.744094,34.390784
2.860741,34.536507
2.963500,34.682231
3.013492,34.827955
3.005160,34.973678
2.374715,35.119402
2.099763,35.265126
2.438592,35.410849
2.785754,35.556573
2.832968,35.702296
3.260670,35.848020
2.980164,35.993744
2.671885,36.139467
2.749649,36.285191
2.905177,36.430915
2.738540,36.576638
2.782976,36.722362
2.944059,36.868086
3.127361,37.013809
3.224566,37.159533
3.632827,37.305257
3.580059,37.450980
3.074592,37.596704
2.819081,37.742428
3.188461,37.888151
3.221788,38.033875
3.194015,38.179599
3.194015,38.325322
3.393980,38.471046
3.341212,38.616770
3.616164,38.762493
3.493963,38.908217
3.338435,39.053941
3.041265,39.199664
2.724653,39.345388
2.405265,39.491112
2.866295,39.636835
3.307884,39.782559
3.916111,39.928283
4.418801,40.074006
3.252339,40.219730
2.352496,40.365454
3.380094,40.511177
3.855011,40.656901
3.882784,40.802625
3.649491,40.948348
3.307884,41.094072
3.174574,41.239796
3.513404,41.385519
3.777247,41.531243
4.121631,41.676967
3.638382,41.822690
2.799640,41.968414
2.810749,42.114137
2.627448,42.259861
3.216234,42.405585
4.060530,42.551308
3.971657,42.697032
3.343989,42.842756
3.355098,42.988479
3.768915,43.134203
3.402312,43.279927
3.096810,43.425650
3.321771,43.571374
3.443972,43.717098
3.499517,43.862821
3.452304,44.008545
3.482854,44.154269
3.866120,44.299992
3.860565,44.445716
3.782801,44.591440
3.752251,44.737163
3.660600,44.882887
3.760583,45.028611
4.068862,45.174334
4.029980,45.320058
4.343814,45.465782
4.646539,45.611505
4.307709,45.757229
3.571727,45.902953
2.785754,46.048676
2.144200,46.194400
2.799640,46.340124
3.427308,46.485847
3.421753,46.631571
3.346766,46.777295
3.418976,46.923018
3.438417,47.068742
3.932775,47.214466
4.185508,47.360189
3.855011,47.505913
3.571727,47.651637
3.649491,47.797360
3.985543,47.943084
4.535447,48.088808
4.802067,48.234531
4.690975,48.380255
4.715971,48.525978
3.996653,48.671702
3.952216,48.817426
4.527115,48.963149
4.316041,49.108873
3.988321,49.254597
3.949439,49.400320
4.057753,49.546044
4.104967,49.691768
4.224390,49.837491
4.116076,49.983215
3.846679,50.128939
3.674487,50.274662
3.849456,50.420386
3.927220,50.566110
4.041089,50.711833
4.121631,50.857557
4.529892,51.003281
4.640984,51.149004
4.438242,51.294728
4.091080,51.440452
4.229945,51.586175
4.079971,51.731899
3.430085,51.877623
3.405090,52.023346
3.793910,52.169070
4.202172,52.314794
4.588215,52.460517
4.396582,52.606241
3.541177,52.751965
3.852233,52.897688
4.432687,53.043412
4.221613,53.189136
4.249386,53.334859
4.249386,53.480583
4.504897,53.626307
4.768739,53.772030
4.957595,53.917754
5.382521,54.063478
5.557490,54.209201
4.793735,54.354925
4.424355,54.500649
4.615988,54.646372
4.582661,54.792096
4.910381,54.937819
5.204774,55.083543
4.840949,55.229267
4.835394,55.374990
5.004809,55.520714
4.843726,55.666438
4.416023,55.812161
4.135517,55.957885
4.246609,56.103609
4.277159,56.249332
4.085526,56.395056
4.299377,56.540780
4.752076,56.686503
4.657648,56.832227
4.285491,56.977951
4.293823,57.123674
4.246609,57.269398
4.041089,57.415122
4.702084,57.560845
5.160337,57.706569
5.346416,57.852293
5.304756,57.998016
5.085350,58.143740
4.535447,58.289464
4.052198,58.435187
3.288443,58.580911
3.055151,58.726635
3.688373,58.872358
3.943884,59.018082
3.999430,59.163806
4.021648,59.309529
4.282713,59.455253
4.782626,59.600977
5.199219,59.746700
4.582661,59.892424
3.721701,60.038148
2.508025,60.183871
-1.866208,60.329595
-10.417486,60.475319
-7.631864,60.621042
21.762981,60.766766
65.324785,60.912490
96.685952,61.058213
108.794939,61.203937
120.853935,61.349660
156.889282,61.495384
201.650876,61.641108
236.128162,61.786831
244.182305,61.932555
240.946761,62.078279
230.451380,62.224002
212.290676,62.369726
201.270387,62.515450
200.684378,62.661173
212.535078,62.806897
225.535575,62.952621
239.077645,63.098344
244.118427,63.244068
242.832542,63.389792
236.300354,63.535515
228.187888,63.681239
222.766617,63.826963
222.019525,63.972686
227.171400,64.118410
232.939832,64.264134
237.652895,64.409857
240.524613,64.555581
241.991023,64.701305
238.936003,64.847028
236.664179,64.992752
234.931150,65.138476
233.623046,65.284199
234.681194,65.429923
237.675113,65.575647
240.455181,65.721370
242.243756,65.867094
242.713118,66.012818
240.963425,66.158541
239.713644,66.304265
239.105418,66.449989
240.227443,66.595712
241.799390,66.741436
242.379843,66.887160
242.696455,67.032883
243.876803,67.178607
243.607406,67.324331
243.074166,67.470054
242.965852,67.615778
243.082498,67.761501
243.007511,67.907225
244.226742,68.052949
245.529291,68.198672
245.726479,68.344396
245.576505,68.490120
245.420977,68.635843
245.021047,68.781567
244.673885,68.927291
244.629449,69.073014
245.207125,69.218738
245.770915,69.364462
246.145850,69.510185
246.459683,69.655909
246.906827,69.801633
246.695753,69.947356
246.901273,70.093080
247.228993,70.238804
247.276207,70.384527
247.426181,70.530251
248.045516,70.675975
247.731683,70.821698
247.262320,70.967422
246.812399,71.113146
246.567998,71.258869
247.556713,71.404593
248.017743,71.550317
247.576154,71.696040
247.556713,71.841764
247.681691,71.987488
248.173272,72.133211
248.653743,72.278935
248.856485,72.424659
248.839822,72.570382
248.539874,72.716106
248.520433,72.861830
249.267524,73.007553
249.434162,73.153277
249.373061,73.299001
249.517480,73.444724
249.509149,73.590448
249.198092,73.736172
249.645236,73.881895
250.583960,74.027619
250.508973,74.173342
250.397882,74.319066
250.331227,74.464790
250.400659,74.610513
250.325672,74.756237
250.300676,74.901961
250.367331,75.047684
250.192362,75.193408
250.164589,75.339132
250.442318,75.484855
250.739488,75.630579
250.692274,75.776303
250.681165,75.922026
250.764484,76.067750
250.725602,76.213474
250.892239,76.359197
250.817252,76.504921
251.167191,76.650645
251.139418,76.796368
250.550633,76.942092
250.567296,77.087816
251.500466,77.233539
251.472693,77.379263
252.075365,77.524987
252.119802,77.670710
250.492309,77.816434
250.767261,77.962158
251.936501,78.107881
251.972605,78.253605
251.878178,78.399329
251.944832,78.545052
251.669881,78.690776
252.008710,78.836500
252.280885,78.982223
252.725251,79.127947
252.650264,79.273671
252.072588,79.419394
251.794859,79.565118
252.528064,79.710842
252.589164,79.856565
253.027976,80.002289
253.658421,80.148013
253.177950,80.293736
252.550282,80.439460
252.516954,80.585183
252.736360,80.730907
252.861338,80.876631
252.533618,81.022354
252.036483,81.168078
252.142020,81.313802
252.211452,81.459525
252.478072,81.605249
252.661373,81.750973
252.666928,81.896696
252.042038,82.042420
252.222562,82.188144
252.830788,82.333867
253.352919,82.479591
253.891713,82.625315
254.258316,82.771038
254.036132,82.916762
253.927818,83.062486
254.538822,83.208209
253.913932,83.353933
253.011312,83.499657
252.975207,83.645380
252.911330,83.791104
253.239050,83.936828
253.980587,84.082551
254.283311,84.228275
253.886159,84.373999
253.716744,84.519722
254.083346,84.665446
254.230543,84.811170
254.169442,84.956893
253.950036,85.102617
253.752849,85.248341
253.286264,85.394064
253.750071,85.539788
254.666577,85.685512
254.547154,85.831235
254.586036,85.976959
254.333302,86.122683
253.847277,86.268406
253.586211,86.414130
254.216656,86.559854
254.519381,86.705577
254.288866,86.851301
254.536045,86.997024
254.855433,87.142748
254.827660,87.288472
254.838769,87.434195
254.761005,87.579919
254.633250,87.725643
254.097233,87.871366
253.808395,88.017090
254.555486,88.162814
254.474944,88.308537
254.499940,88.454261
254.708237,88.599985
254.874874,88.745708
254.885983,88.891432
254.777669,89.037156
254.669355,89.182879
254.855433,89.328603
254.197215,89.474327
253.800063,89.620050
254.391626,89.765774
254.944306,89.911498
255.452551,90.057221
256.274629,90.202945
255.721948,90.348669
254.102787,90.494392
255.030402,90.640116
255.533092,90.785840
255.277581,90.931563
255.213704,91.077287
255.383118,91.223011
255.413669,91.368734
255.405337,91.514458
256.271851,91.660182
256.382943,91.805905
255.877476,91.951629
254.960970,92.097353
254.577704,92.243076
254.897092,92.388800
255.122053,92.534524
255.788603,92.680247
256.230192,92.825971
255.849703,92.971695
256.046891,93.117418
256.255188,93.263142
256.455153,93.408865
256.102437,93.554589
255.369232,93.700313
255.616411,93.846036
255.902472,93.991760
256.074664,94.137484
256.619013,94.283207
256.713441,94.428931
256.516253,94.574655
256.738436,94.720378
256.485703,94.866102
256.488480,95.011826
256.535694,95.157549
256.674559,95.303273
257.002279,95.448997
257.199466,95.594720
257.285562,95.740444
257.407763,95.886168
256.846751,96.031891
256.188533,96.177615
255.463660,96.323339
256.413493,96.469062
256.827310,96.614786
256.449598,96.760510
256.321843,96.906233
256.621790,97.051957
256.805091,97.197681
257.180025,97.343404
257.082820,97.489128
256.880078,97.634852
256.446821,97.780575
256.185755,97.926299
256.749545,98.072023
257.535519,98.217746
257.274453,98.363470
257.327222,98.509194
257.049493,98.654917
256.777318,98.800641
256.977283,98.946365
257.363327,99.092088
257.280008,99.237812
256.777318,99.383536
257.005056,99.529259
257.238349,99.674983
257.341108,99.820706
257.507746,99.966430
257.643833,100.112154
257.585510,100.257877
257.721597,100.403601
257.846575,100.549325
257.660497,100.695048
257.429982,100.840772
257.652165,100.986496
257.960444,101.132219
258.054872,101.277943
257.624392,101.423667
257.904898,101.569390
258.140968,101.715114
257.396654,101.860838
257.357772,102.006561
257.882680,102.152285
258.093754,102.298009
258.643658,102.443732
258.726976,102.589456
257.385545,102.735180
257.285562,102.880903
258.271501,103.026627
258.407588,103.172351
258.243728,103.318074
257.577178,103.463798
256.977283,103.609522
258.054872,103.755245
259.160234,103.900969
260.215604,104.046693
260.012862,104.192416
258.951937,104.338140
260.262818,104.483864
263.131759,104.629587
264.812020,104.775311
264.717592,104.921035
264.309331,105.066758
263.726100,105.212482
262.912353,105.358206
263.162310,105.503929
262.815148,105.649653
262.495760,105.795377
262.126380,105.941100
261.593140,106.086824
261.107114,106.232547
261.370957,106.378271
262.081943,106.523995
262.704057,106.669718
263.237296,106.815442
263.215078,106.961166
262.670729,107.106889
262.345786,107.252613
261.790328,107.398337
261.623691,107.544060
261.965297,107.689784
262.804039,107.835508
263.487253,107.981231
263.939951,108.126955
263.551130,108.272679
263.595567,108.418402
262.534642,108.564126
260.612757,108.709850
259.782347,108.855573
259.468513,109.001297
260.232268,109.147021
260.873822,109.292744
258.621439,109.438468
255.452551,109.584192
253.702857,109.729915
254.355521,109.875639
255.499765,110.021363
256.496812,110.167086
257.296672,110.312810
258.913055,110.458534
260.118399,110.604257
260.101735,110.749981
260.429456,110.895705
261.029350,111.041428
260.762730,111.187152
260.340582,111.332876
259.774015,111.478599
259.018592,111.624323
258.007658,111.770047
258.040986,111.915770
259.004705,112.061494
260.243377,112.207218
260.996023,112.352941
260.854381,112.498665
260.196163,112.644388
259.010260,112.790112
258.382592,112.935836
257.927117,113.081559
258.060427,113.227283
258.604776,113.373007
259.601823,113.518730
260.423901,113.664454
260.432233,113.810178
259.832338,113.955901
259.251884,114.101625
258.840845,114.247349
257.643833,114.393072
257.496637,114.538796
258.704758,114.684520
259.357421,114.830243
260.418346,114.975967
260.551656,115.121691
258.960269,115.267414
258.049317,115.413138
258.732531,115.558862
258.735308,115.704585
258.424252,115.850309
258.690872,115.996033
258.843623,116.141756
259.418522,116.287480
259.482399,116.433204
259.779570,116.578927
259.612932,116.724651
258.438138,116.870375
257.763256,117.016098
258.340933,117.161822
258.690872,117.307546
258.901946,117.453269
259.679587,117.598993
259.762906,117.744717
258.940828,117.890440
258.768636,118.036164
258.988042,118.181888
258.538121,118.327611
258.368706,118.473335
258.454802,118.619059
258.577003,118.764782
258.640880,118.910506
258.804740,119.056229
259.082470,119.201953
258.963046,119.347677
258.654767,119.493400
258.493684,119.639124
258.527011,119.784848
258.646435,119.930571
258.801963,120.076295
259.163011,120.222019
259.287989,120.367742
259.662923,120.513466
259.746242,120.659190
258.968601,120.804913
258.490907,120.950637
257.704933,121.096361
257.266121,121.242084
258.210400,121.387808
258.999151,121.533532
258.593666,121.679255
258.432584,121.824979
258.579780,121.970703
258.685317,122.116426
258.749195,122.262150
258.665876,122.407874
258.321492,122.553597
257.874348,122.699321
257.849352,122.845045
258.743640,122.990768
259.074138,123.136492
258.999151,123.282216
259.063029,123.427939
258.890836,123.573663
258.218732,123.719387
258.357597,123.865110
258.835291,124.010834
258.624217,124.156558
258.388147,124.302281
258.527011,124.448005
258.693649,124.593729
258.888059,124.739452
258.890836,124.885176
258.649212,125.030900
258.215955,125.176623
258.015990,125.322347
258.032654,125.468070
258.154854,125.613794
258.252060,125.759518
258.310383,125.905241
258.488129,126.050965
258.701981,126.196689
258.621439,126.342412
258.446470,126.488136
258.435361,126.633860
258.249282,126.779583
257.571623,126.925307
257.504968,127.071031
258.371483,127.216754
258.379815,127.362478
258.963046,127.508202
259.499063,127.653925
257.796584,127.799649
257.579955,127.945373
258.552007,128.091096
258.468688,128.236820
258.229841,128.382544
258.199291,128.528267
257.941003,128.673991
258.304828,128.819715
258.701981,128.965438
259.035256,129.111162
259.240775,129.256886
258.568671,129.402609
257.816025,129.548333
258.249282,129.694057
258.082645,129.839780
258.382592,129.985504
259.174120,130.131228
259.237998,130.276951
258.774190,130.422675
257.882680,130.568399
257.449423,130.714122
257.646610,130.859846
257.704933,131.005570
255.527537,131.151293
254.152779,131.297017
253.911154,131.442741
254.858210,131.588464
255.402559,131.734188
255.391450,131.879911
254.202770,132.025635
255.466437,132.171359
256.988392,132.317082
256.516253,132.462806
257.032829,132.608530
258.618662,132.754253
258.638103,132.899977
257.443868,133.045701
258.074313,133.191424
258.996374,133.337148
257.410541,133.482872
256.988392,133.628595
257.643833,133.774319
258.277055,133.920043
258.210400,134.065766
257.868794,134.211490
258.357597,134.357214
257.904898,134.502937
257.816025,134.648661
258.713090,134.794385
258.701981,134.940108
258.049317,135.085832
257.763256,135.231556
257.946558,135.377279
257.904898,135.523003
258.182627,135.668727
258.435361,135.814450
258.552007,135.960174
258.207623,136.105898
257.846575,136.251621
257.824357,136.397345
258.332601,136.543069
258.521457,136.688792
258.054872,136.834516
258.049317,136.980240
258.327046,137.125963
258.204846,137.271687
258.390924,137.417411
258.438138,137.563134
258.032654,137.708858
257.871571,137.854582
257.804916,138.000305
258.138191,138.146029
258.057649,138.291752
258.024322,138.437476
258.046540,138.583200
258.035431,138.728923
258.190959,138.874647
258.310383,139.020371
258.157632,139.166094
258.365929,139.311818
257.802139,139.457542
257.316113,139.603265
257.466086,139.748989
258.163186,139.894713
258.493684,140.040436
259.038033,140.186160
258.926941,140.331884
257.260567,140.477607
258.115972,140.623331
258.596444,140.769055
258.474243,140.914778
258.285387,141.060502
258.302051,141.206226
258.057649,141.351949
258.093754,141.497673
258.496461,141.643397
258.865841,141.789120
258.407588,141.934844
257.649388,142.080568
257.335554,142.226291
257.860462,142.372015
257.813248,142.517739
258.218732,142.663462
258.624217,142.809186
258.079868,142.954910
258.043763,143.100633
258.377038,143.246357
258.679762,143.392081
258.268723,143.537804
258.088199,143.683528
258.135413,143.829252
258.218732,143.974975
258.102086,144.120699
258.374260,144.266423
258.457579,144.412146
258.477020,144.557870
258.321492,144.703593
258.102086,144.849317
258.093754,144.995041
258.415920,145.140764
258.688094,145.286488
258.771413,145.432212
258.810295,145.577935
259.010260,145.723659
258.929719,145.869383
258.163186,146.015106
257.441091,146.160830
257.135589,146.306554
258.065981,146.452277
258.282610,146.598001
257.952112,146.743725
257.799361,146.889448
257.996549,147.035172
257.846575,147.180896
258.115972,147.326619
258.257614,147.472343
258.090977,147.618067
257.791029,147.763790
257.827134,147.909514
258.104863,148.055238
258.715867,148.200961
258.601998,148.346685
258.524234,148.492409
258.374260,148.638132
257.741038,148.783856
258.065981,148.929580
258.563116,149.075303
